-- phpMyAdmin SQL Dump
-- version 5.2.1
-- https://www.phpmyadmin.net/
--
-- Máy chủ: 127.0.0.1
-- Thời gian đã tạo: Th5 17, 2024 lúc 07:45 PM
-- Phiên bản máy phục vụ: 10.4.32-MariaDB
-- Phiên bản PHP: 8.1.25

SET SQL_MODE = "NO_AUTO_VALUE_ON_ZERO";
START TRANSACTION;
SET time_zone = "+00:00";


/*!40101 SET @OLD_CHARACTER_SET_CLIENT=@@CHARACTER_SET_CLIENT */;
/*!40101 SET @OLD_CHARACTER_SET_RESULTS=@@CHARACTER_SET_RESULTS */;
/*!40101 SET @OLD_COLLATION_CONNECTION=@@COLLATION_CONNECTION */;
/*!40101 SET NAMES utf8mb4 */;

--
-- Cơ sở dữ liệu: `quanlikhohang`
--

-- --------------------------------------------------------

--
-- Cấu trúc bảng cho bảng `ctkiemke`
--

CREATE TABLE `ctkiemke` (
  `maphieukiemmke` int(11) NOT NULL COMMENT 'Mã phiếu kiểm kê',
  `masanpham` int(11) NOT NULL COMMENT 'Mã sản phẩm',
  `soluong` int(11) NOT NULL,
  `chenhlech` int(11) NOT NULL,
  `ghichu` varchar(255) NOT NULL
) ENGINE=InnoDB DEFAULT CHARSET=utf8mb4 COLLATE=utf8mb4_general_ci;

-- --------------------------------------------------------

--
-- Cấu trúc bảng cho bảng `ctphieunhap`
--

CREATE TABLE `ctphieunhap` (
  `maphieunhap` int(11) NOT NULL,
  `maphienbansp` int(11) NOT NULL DEFAULT 0,
  `soluong` int(11) NOT NULL DEFAULT 0,
  `dongia` int(11) NOT NULL DEFAULT 0,
  `hinhthucnhap` tinyint(1) NOT NULL DEFAULT 0
) ENGINE=InnoDB DEFAULT CHARSET=utf8mb4 COLLATE=utf8mb4_general_ci;

--
-- Đang đổ dữ liệu cho bảng `ctphieunhap`
--

INSERT INTO `ctphieunhap` (`maphieunhap`, `maphienbansp`, `soluong`, `dongia`, `hinhthucnhap`) VALUES
(1, 2, 20, 18500000, 0),
(2, 10, 15, 3000000, 0),
(2, 16, 30, 2000000, 0),
(2, 26, 25, 4800000, 0),
(2, 34, 30, 6000000, 0),
(3, 38, 20, 7000000, 0),
(3, 40, 15, 8000000, 0),
(3, 44, 50, 3200000, 0),
(3, 50, 100, 5500000, 0),
(4, 58, 56, 11000000, 0),
(4, 66, 23, 3000000, 0),
(4, 70, 24, 3400000, 0),
(4, 72, 25, 5000000, 0),
(4, 86, 50, 5500000, 0),
(5, 88, 45, 3500000, 0),
(5, 96, 30, 12000000, 0),
(5, 102, 60, 12500000, 0),
(6, 104, 20, 3400000, 0),
(6, 110, 30, 3700000, 0),
(6, 124, 45, 22000000, 0),
(6, 126, 15, 22000000, 0);

-- --------------------------------------------------------

--
-- Cấu trúc bảng cho bảng `ctphieuxuat`
--

CREATE TABLE `ctphieuxuat` (
  `maphieuxuat` int(11) NOT NULL,
  `maphienbansp` int(11) NOT NULL DEFAULT 0,
  `soluong` int(11) NOT NULL DEFAULT 0,
  `dongia` int(11) NOT NULL DEFAULT 0
) ENGINE=InnoDB DEFAULT CHARSET=utf8mb4 COLLATE=utf8mb4_general_ci;

--
-- Đang đổ dữ liệu cho bảng `ctphieuxuat`
--

INSERT INTO `ctphieuxuat` (`maphieuxuat`, `maphienbansp`, `soluong`, `dongia`) VALUES
(1, 66, 7, 3500000),
(1, 96, 4, 12500000),
(2, 50, 9, 6000000),
(3, 126, 1, 22500000);

-- --------------------------------------------------------

--
-- Cấu trúc bảng cho bảng `ctquyen`
--

CREATE TABLE `ctquyen` (
  `manhomquyen` int(11) NOT NULL,
  `machucnang` varchar(50) NOT NULL,
  `hanhdong` varchar(50) NOT NULL
) ENGINE=InnoDB DEFAULT CHARSET=utf8mb4 COLLATE=utf8mb4_general_ci;

--
-- Đang đổ dữ liệu cho bảng `ctquyen`
--

INSERT INTO `ctquyen` (`manhomquyen`, `machucnang`, `hanhdong`) VALUES
(1, 'khachhang', 'create'),
(1, 'khachhang', 'delete'),
(1, 'khachhang', 'update'),
(1, 'khachhang', 'view'),
(1, 'khuvuckho', 'create'),
(1, 'khuvuckho', 'delete'),
(1, 'khuvuckho', 'update'),
(1, 'khuvuckho', 'view'),
(1, 'nhacungcap', 'create'),
(1, 'nhacungcap', 'delete'),
(1, 'nhacungcap', 'update'),
(1, 'nhacungcap', 'view'),
(1, 'nhanvien', 'create'),
(1, 'nhanvien', 'delete'),
(1, 'nhanvien', 'update'),
(1, 'nhanvien', 'view'),
(1, 'nhaphang', 'create'),
(1, 'nhaphang', 'delete'),
(1, 'nhaphang', 'update'),
(1, 'nhaphang', 'view'),
(1, 'nhomquyen', 'create'),
(1, 'nhomquyen', 'delete'),
(1, 'nhomquyen', 'update'),
(1, 'nhomquyen', 'view'),
(1, 'sanpham', 'create'),
(1, 'sanpham', 'delete'),
(1, 'sanpham', 'update'),
(1, 'sanpham', 'view'),
(1, 'taikhoan', 'create'),
(1, 'taikhoan', 'delete'),
(1, 'taikhoan', 'update'),
(1, 'taikhoan', 'view'),
(1, 'thongke', 'create'),
(1, 'thongke', 'delete'),
(1, 'thongke', 'update'),
(1, 'thongke', 'view'),
(1, 'thuoctinh', 'create'),
(1, 'thuoctinh', 'delete'),
(1, 'thuoctinh', 'update'),
(1, 'thuoctinh', 'view'),
(1, 'xuathang', 'create'),
(1, 'xuathang', 'delete'),
(1, 'xuathang', 'update'),
(1, 'xuathang', 'view'),
(2, 'khuvuckho', 'create'),
(2, 'khuvuckho', 'update'),
(2, 'khuvuckho', 'view'),
(2, 'nhacungcap', 'create'),
(2, 'nhacungcap', 'update'),
(2, 'nhacungcap', 'view'),
(2, 'nhaphang', 'create'),
(2, 'nhaphang', 'update'),
(2, 'nhaphang', 'view'),
(2, 'sanpham', 'create'),
(2, 'sanpham', 'update'),
(2, 'sanpham', 'view'),
(2, 'thuoctinh', 'create'),
(2, 'thuoctinh', 'delete'),
(2, 'thuoctinh', 'update'),
(2, 'thuoctinh', 'view'),
(2, 'xuathang', 'create'),
(2, 'xuathang', 'delete'),
(2, 'xuathang', 'update'),
(2, 'xuathang', 'view'),
(3, 'khachhang', 'create'),
(3, 'khachhang', 'update'),
(3, 'khachhang', 'view'),
(3, 'sanpham', 'update'),
(3, 'sanpham', 'view'),
(3, 'xuathang', 'create'),
(3, 'xuathang', 'update'),
(3, 'xuathang', 'view'),
(4, 'donvitinh', 'view'),
(4, 'khuvuckho', 'view'),
(4, 'kiemke', 'view'),
(4, 'loaisanpham', 'view'),
(4, 'nhacungcap', 'view'),
(5, 'khachhang', 'view'),
(5, 'khuvuckho', 'view'),
(6, 'khuvuckho', 'view'),
(6, 'kiemke', 'view'),
(6, 'loaisanpham', 'view'),
(6, 'nhacungcap', 'view'),
(6, 'nhanvien', 'view'),
(7, 'loaisanpham', 'create'),
(7, 'nhanvien', 'create'),
(7, 'sanpham', 'create'),
(7, 'xuathang', 'create'),
(8, 'donvitinh', 'view'),
(9, 'khachhang', 'view'),
(9, 'khuvuckho', 'view'),
(10, 'khachhang', 'view'),
(10, 'khuvuckho', 'view'),
(10, 'nhanvien', 'view');

-- --------------------------------------------------------

--
-- Cấu trúc bảng cho bảng `ctsanpham`
--

CREATE TABLE `ctsanpham` (
  `maimei` varchar(255) NOT NULL DEFAULT 'AUTO_INCREMENT' COMMENT 'Mã imei của sản phẩm',
  `maphienbansp` int(11) NOT NULL,
  `maphieunhap` int(11) NOT NULL,
  `maphieuxuat` int(11) DEFAULT NULL,
  `tinhtrang` int(11) NOT NULL
) ENGINE=InnoDB DEFAULT CHARSET=utf8mb4 COLLATE=utf8mb4_general_ci;

--
-- Đang đổ dữ liệu cho bảng `ctsanpham`
--

INSERT INTO `ctsanpham` (`maimei`, `maphienbansp`, `maphieunhap`, `maphieuxuat`, `tinhtrang`) VALUES
('107725056444797', 57, 14, NULL, 1),
('107725056444798', 57, 14, NULL, 1),
('107725056444799', 57, 14, NULL, 1),
('107725056444800', 57, 14, NULL, 1),
('107725056444801', 57, 14, NULL, 1),
('107725056444802', 57, 14, NULL, 1),
('107725056444803', 57, 14, NULL, 1),
('111111111111111', 17, 23, 25, 0),
('111111111111112', 17, 23, 25, 0),
('111111111111345', 2, 1, NULL, 1),
('111111111111346', 2, 1, NULL, 1),
('111111111111347', 2, 1, NULL, 1),
('111111111111348', 2, 1, NULL, 1),
('111111111111349', 2, 1, NULL, 1),
('111111111111350', 2, 1, NULL, 1),
('111111111111351', 2, 1, NULL, 1),
('111111111111352', 2, 1, NULL, 1),
('111111111111353', 2, 1, NULL, 1),
('111111111111354', 2, 1, NULL, 1),
('111111111111355', 2, 1, NULL, 1),
('111111111111356', 2, 1, NULL, 1),
('111111111111357', 2, 1, NULL, 1),
('111111111111358', 2, 1, NULL, 1),
('111111111111359', 2, 1, NULL, 1),
('111111111111360', 2, 1, NULL, 1),
('111111111111361', 2, 1, NULL, 1),
('111111111111362', 2, 1, NULL, 1),
('111111111111363', 2, 1, NULL, 1),
('111111111111364', 2, 1, NULL, 1),
('112111111111111', 40, 3, NULL, 1),
('112111111111112', 40, 3, NULL, 1),
('112111111111113', 40, 3, NULL, 1),
('112111111111114', 40, 3, NULL, 1),
('112111111111115', 40, 3, NULL, 1),
('112111111111116', 40, 3, NULL, 1),
('112111111111117', 40, 3, NULL, 1),
('112111111111118', 40, 3, NULL, 1),
('112111111111119', 40, 3, NULL, 1),
('112111111111120', 40, 3, NULL, 1),
('112111111111121', 40, 3, NULL, 1),
('112111111111122', 40, 3, NULL, 1),
('112111111111123', 40, 3, NULL, 1),
('112111111111124', 40, 3, NULL, 1),
('112111111111125', 40, 3, NULL, 1),
('128680626510768', 27, 12, NULL, 1),
('128680626510769', 27, 12, 19, 0),
('128680626510770', 27, 12, NULL, 1),
('191487469319798', 29, 12, NULL, 1),
('191487469319799', 29, 12, NULL, 1),
('191487469319800', 29, 12, NULL, 1),
('191487469319801', 29, 12, NULL, 1),
('191487469319802', 29, 12, NULL, 1),
('201865493271034', 19, 8, NULL, 1),
('201865493271035', 19, 8, 11, 0),
('201865493271036', 19, 8, 11, 0),
('201865493271037', 19, 8, 11, 0),
('201865493271038', 19, 8, 23, 0),
('202411111111111', 10, 2, NULL, 1),
('202411111111112', 10, 2, NULL, 1),
('202411111111113', 10, 2, NULL, 1),
('202411111111114', 10, 2, NULL, 1),
('202411111111115', 10, 2, NULL, 1),
('202411111111116', 10, 2, NULL, 1),
('202411111111117', 10, 2, NULL, 1),
('202411111111118', 10, 2, NULL, 1),
('202411111111119', 10, 2, NULL, 1),
('202411111111120', 10, 2, NULL, 1),
('202411111111121', 10, 2, NULL, 1),
('202411111111122', 10, 2, NULL, 1),
('202411111111123', 10, 2, NULL, 1),
('202411111111124', 10, 2, NULL, 1),
('202411111111125', 10, 2, NULL, 1),
('202422222222222', 16, 2, NULL, 1),
('202422222222223', 16, 2, NULL, 1),
('202422222222224', 16, 2, NULL, 1),
('202422222222225', 16, 2, NULL, 1),
('202422222222226', 16, 2, NULL, 1),
('202422222222227', 16, 2, NULL, 1),
('202422222222228', 16, 2, NULL, 1),
('202422222222229', 16, 2, NULL, 1),
('202422222222230', 16, 2, NULL, 1),
('202422222222231', 16, 2, NULL, 1),
('202422222222232', 16, 2, NULL, 1),
('202422222222233', 16, 2, NULL, 1),
('202422222222234', 16, 2, NULL, 1),
('202422222222235', 16, 2, NULL, 1),
('202422222222236', 16, 2, NULL, 1),
('202422222222237', 16, 2, NULL, 1),
('202422222222238', 16, 2, NULL, 1),
('202422222222239', 16, 2, NULL, 1),
('202422222222240', 16, 2, NULL, 1),
('202422222222241', 16, 2, NULL, 1),
('202422222222242', 16, 2, NULL, 1),
('202422222222243', 16, 2, NULL, 1),
('202422222222244', 16, 2, NULL, 1),
('202422222222245', 16, 2, NULL, 1),
('202422222222246', 16, 2, NULL, 1),
('202422222222247', 16, 2, NULL, 1),
('202422222222248', 16, 2, NULL, 1),
('202422222222249', 16, 2, NULL, 1),
('202422222222250', 16, 2, NULL, 1),
('202422222222251', 16, 2, NULL, 1),
('202433333333331', 26, 2, NULL, 1),
('202433333333332', 26, 2, NULL, 1),
('202433333333333', 26, 2, NULL, 1),
('202433333333334', 26, 2, NULL, 1),
('202433333333335', 26, 2, NULL, 1),
('202433333333336', 26, 2, NULL, 1),
('202433333333337', 26, 2, NULL, 1),
('202433333333338', 26, 2, NULL, 1),
('202433333333339', 26, 2, NULL, 1),
('202433333333340', 26, 2, NULL, 1),
('202433333333341', 26, 2, NULL, 1),
('202433333333342', 26, 2, NULL, 1),
('202433333333343', 26, 2, NULL, 1),
('202433333333344', 26, 2, NULL, 1),
('202433333333345', 26, 2, NULL, 1),
('202433333333346', 26, 2, NULL, 1),
('202433333333347', 26, 2, NULL, 1),
('202433333333348', 26, 2, NULL, 1),
('202433333333349', 26, 2, NULL, 1),
('202433333333350', 26, 2, NULL, 1),
('202433333333351', 26, 2, NULL, 1),
('202433333333352', 26, 2, NULL, 1),
('202433333333353', 26, 2, NULL, 1),
('202433333333354', 26, 2, NULL, 1),
('202433333333355', 26, 2, NULL, 1),
('209563810276493', 23, 9, NULL, 1),
('209563810276494', 23, 9, NULL, 1),
('209563810276495', 23, 9, 19, 0),
('209563810276496', 23, 9, 19, 0),
('209563810276497', 23, 9, NULL, 1),
('209563810276498', 23, 9, NULL, 1),
('209563810276499', 23, 9, NULL, 1),
('212111111111111', 34, 2, NULL, 1),
('212111111111112', 34, 2, NULL, 1),
('212111111111113', 34, 2, NULL, 1),
('212111111111114', 34, 2, NULL, 1),
('212111111111115', 34, 2, NULL, 1),
('212111111111116', 34, 2, NULL, 1),
('212111111111117', 34, 2, NULL, 1),
('212111111111118', 34, 2, NULL, 1),
('212111111111119', 34, 2, NULL, 1),
('212111111111120', 34, 2, NULL, 1),
('212111111111121', 34, 2, NULL, 1),
('212111111111122', 34, 2, NULL, 1),
('212111111111123', 34, 2, NULL, 1),
('212111111111124', 34, 2, NULL, 1),
('212111111111125', 34, 2, NULL, 1),
('212111111111126', 34, 2, NULL, 1),
('212111111111127', 34, 2, NULL, 1),
('212111111111128', 34, 2, NULL, 1),
('212111111111129', 34, 2, NULL, 1),
('212111111111130', 34, 2, NULL, 1),
('212111111111131', 34, 2, NULL, 1),
('212111111111132', 34, 2, NULL, 1),
('212111111111133', 34, 2, NULL, 1),
('212111111111134', 34, 2, NULL, 1),
('212111111111135', 34, 2, NULL, 1),
('212111111111136', 34, 2, NULL, 1),
('212111111111137', 34, 2, NULL, 1),
('212111111111138', 34, 2, NULL, 1),
('212111111111139', 34, 2, NULL, 1),
('212111111111140', 34, 2, NULL, 1),
('212111111111150', 44, 3, NULL, 1),
('212111111111151', 44, 3, NULL, 1),
('212111111111152', 44, 3, NULL, 1),
('212111111111153', 44, 3, NULL, 1),
('212111111111154', 44, 3, NULL, 1),
('212111111111155', 44, 3, NULL, 1),
('212111111111156', 44, 3, NULL, 1),
('212111111111157', 44, 3, NULL, 1),
('212111111111158', 44, 3, NULL, 1),
('212111111111159', 44, 3, NULL, 1),
('212111111111160', 44, 3, NULL, 1),
('212111111111161', 44, 3, NULL, 1),
('212111111111162', 44, 3, NULL, 1),
('212111111111163', 44, 3, NULL, 1),
('212111111111164', 44, 3, NULL, 1),
('212111111111165', 44, 3, NULL, 1),
('212111111111166', 44, 3, NULL, 1),
('212111111111167', 44, 3, NULL, 1),
('212111111111168', 44, 3, NULL, 1),
('212111111111169', 44, 3, NULL, 1),
('212111111111170', 44, 3, NULL, 1),
('212111111111171', 44, 3, NULL, 1),
('212111111111172', 44, 3, NULL, 1),
('212111111111173', 44, 3, NULL, 1),
('212111111111174', 44, 3, NULL, 1),
('212111111111175', 44, 3, NULL, 1),
('212111111111176', 44, 3, NULL, 1),
('212111111111177', 44, 3, NULL, 1),
('212111111111178', 44, 3, NULL, 1),
('212111111111179', 44, 3, NULL, 1),
('212111111111180', 44, 3, NULL, 1),
('212111111111181', 44, 3, NULL, 1),
('212111111111182', 44, 3, NULL, 1),
('212111111111183', 44, 3, NULL, 1),
('212111111111184', 44, 3, NULL, 1),
('212111111111185', 44, 3, NULL, 1),
('212111111111186', 44, 3, NULL, 1),
('212111111111187', 44, 3, NULL, 1),
('212111111111188', 44, 3, NULL, 1),
('212111111111189', 44, 3, NULL, 1),
('212111111111190', 44, 3, NULL, 1),
('212111111111191', 44, 3, NULL, 1),
('212111111111192', 44, 3, NULL, 1),
('212111111111193', 44, 3, NULL, 1),
('212111111111194', 44, 3, NULL, 1),
('212111111111195', 44, 3, NULL, 1),
('212111111111196', 44, 3, NULL, 1),
('212111111111197', 44, 3, NULL, 1),
('212111111111198', 44, 3, NULL, 1),
('212111111111199', 44, 3, NULL, 1),
('212111111111200', 50, 3, 2, 0),
('212111111111201', 50, 3, 2, 0),
('212111111111202', 50, 3, 2, 0),
('212111111111203', 50, 3, 2, 0),
('212111111111204', 50, 3, 2, 0),
('212111111111205', 50, 3, 2, 0),
('212111111111206', 50, 3, 2, 0),
('212111111111207', 50, 3, 2, 0),
('212111111111208', 50, 3, 2, 0),
('212111111111209', 50, 3, NULL, 1),
('212111111111210', 50, 3, NULL, 1),
('212111111111211', 50, 3, NULL, 1),
('212111111111212', 50, 3, NULL, 1),
('212111111111213', 50, 3, NULL, 1),
('212111111111214', 50, 3, NULL, 1),
('212111111111215', 50, 3, NULL, 1),
('212111111111216', 50, 3, NULL, 1),
('212111111111217', 50, 3, NULL, 1),
('212111111111218', 50, 3, NULL, 1),
('212111111111219', 50, 3, NULL, 1),
('212111111111220', 50, 3, NULL, 1),
('212111111111221', 50, 3, NULL, 1),
('212111111111222', 50, 3, NULL, 1),
('212111111111223', 50, 3, NULL, 1),
('212111111111224', 50, 3, NULL, 1),
('212111111111225', 50, 3, NULL, 1),
('212111111111226', 50, 3, NULL, 1),
('212111111111227', 50, 3, NULL, 1),
('212111111111228', 50, 3, NULL, 1),
('212111111111229', 50, 3, NULL, 1),
('212111111111230', 50, 3, NULL, 1),
('212111111111231', 50, 3, NULL, 1),
('212111111111232', 50, 3, NULL, 1),
('212111111111233', 50, 3, NULL, 1),
('212111111111234', 50, 3, NULL, 1),
('212111111111235', 50, 3, NULL, 1),
('212111111111236', 50, 3, NULL, 1),
('212111111111237', 50, 3, NULL, 1),
('212111111111238', 50, 3, NULL, 1),
('212111111111239', 50, 3, NULL, 1),
('212111111111240', 50, 3, NULL, 1),
('212111111111241', 50, 3, NULL, 1),
('212111111111242', 50, 3, NULL, 1),
('212111111111243', 50, 3, NULL, 1),
('212111111111244', 50, 3, NULL, 1),
('212111111111245', 50, 3, NULL, 1),
('212111111111246', 50, 3, NULL, 1),
('212111111111247', 50, 3, NULL, 1),
('212111111111248', 50, 3, NULL, 1),
('212111111111249', 50, 3, NULL, 1),
('212111111111250', 50, 3, NULL, 1),
('212111111111251', 50, 3, NULL, 1),
('212111111111252', 50, 3, NULL, 1),
('212111111111253', 50, 3, NULL, 1),
('212111111111254', 50, 3, NULL, 1),
('212111111111255', 50, 3, NULL, 1),
('212111111111256', 50, 3, NULL, 1),
('212111111111257', 50, 3, NULL, 1),
('212111111111258', 50, 3, NULL, 1),
('212111111111259', 50, 3, NULL, 1),
('212111111111260', 50, 3, NULL, 1),
('212111111111261', 50, 3, NULL, 1),
('212111111111262', 50, 3, NULL, 1),
('212111111111263', 50, 3, NULL, 1),
('212111111111264', 50, 3, NULL, 1),
('212111111111265', 50, 3, NULL, 1),
('212111111111266', 50, 3, NULL, 1),
('212111111111267', 50, 3, NULL, 1),
('212111111111268', 50, 3, NULL, 1),
('212111111111269', 50, 3, NULL, 1),
('212111111111270', 50, 3, NULL, 1),
('212111111111271', 50, 3, NULL, 1),
('212111111111272', 50, 3, NULL, 1),
('212111111111273', 50, 3, NULL, 1),
('212111111111274', 50, 3, NULL, 1),
('212111111111275', 50, 3, NULL, 1),
('212111111111276', 50, 3, NULL, 1),
('212111111111277', 50, 3, NULL, 1),
('212111111111278', 50, 3, NULL, 1),
('212111111111279', 50, 3, NULL, 1),
('212111111111280', 50, 3, NULL, 1),
('212111111111281', 50, 3, NULL, 1),
('212111111111282', 50, 3, NULL, 1),
('212111111111283', 50, 3, NULL, 1),
('212111111111284', 50, 3, NULL, 1),
('212111111111285', 50, 3, NULL, 1),
('212111111111286', 50, 3, NULL, 1),
('212111111111287', 50, 3, NULL, 1),
('212111111111288', 50, 3, NULL, 1),
('212111111111289', 50, 3, NULL, 1),
('212111111111290', 50, 3, NULL, 1),
('212111111111291', 50, 3, NULL, 1),
('212111111111292', 50, 3, NULL, 1),
('212111111111293', 50, 3, NULL, 1),
('212111111111294', 50, 3, NULL, 1),
('212111111111295', 50, 3, NULL, 1),
('212111111111296', 50, 3, NULL, 1),
('212111111111297', 50, 3, NULL, 1),
('212111111111298', 50, 3, NULL, 1),
('212111111111299', 50, 3, NULL, 1),
('212111111114000', 58, 4, NULL, 1),
('212111111114001', 58, 4, NULL, 1),
('212111111114002', 58, 4, NULL, 1),
('212111111114003', 58, 4, NULL, 1),
('212111111114004', 58, 4, NULL, 1),
('212111111114005', 58, 4, NULL, 1),
('212111111114006', 58, 4, NULL, 1),
('212111111114007', 58, 4, NULL, 1),
('212111111114008', 58, 4, NULL, 1),
('212111111114009', 58, 4, NULL, 1),
('212111111114010', 58, 4, NULL, 1),
('212111111114011', 58, 4, NULL, 1),
('212111111114012', 58, 4, NULL, 1),
('212111111114013', 58, 4, NULL, 1),
('212111111114014', 58, 4, NULL, 1),
('212111111114015', 58, 4, NULL, 1),
('212111111114016', 58, 4, NULL, 1),
('212111111114017', 58, 4, NULL, 1),
('212111111114018', 58, 4, NULL, 1),
('212111111114019', 58, 4, NULL, 1),
('212111111114020', 58, 4, NULL, 1),
('212111111114021', 58, 4, NULL, 1),
('212111111114022', 58, 4, NULL, 1),
('212111111114023', 58, 4, NULL, 1),
('212111111114024', 58, 4, NULL, 1),
('212111111114025', 58, 4, NULL, 1),
('212111111114026', 58, 4, NULL, 1),
('212111111114027', 58, 4, NULL, 1),
('212111111114028', 58, 4, NULL, 1),
('212111111114029', 58, 4, NULL, 1),
('212111111114030', 58, 4, NULL, 1),
('212111111114031', 58, 4, NULL, 1),
('212111111114032', 58, 4, NULL, 1),
('212111111114033', 58, 4, NULL, 1),
('212111111114034', 58, 4, NULL, 1),
('212111111114035', 58, 4, NULL, 1),
('212111111114036', 58, 4, NULL, 1),
('212111111114037', 58, 4, NULL, 1),
('212111111114038', 58, 4, NULL, 1),
('212111111114039', 58, 4, NULL, 1),
('212111111114040', 58, 4, NULL, 1),
('212111111114041', 58, 4, NULL, 1),
('212111111114042', 58, 4, NULL, 1),
('212111111114043', 58, 4, NULL, 1),
('212111111114044', 58, 4, NULL, 1),
('212111111114045', 58, 4, NULL, 1),
('212111111114046', 58, 4, NULL, 1),
('212111111114047', 58, 4, NULL, 1),
('212111111114048', 58, 4, NULL, 1),
('212111111114049', 58, 4, NULL, 1),
('212111111114050', 58, 4, NULL, 1),
('212111111114051', 58, 4, NULL, 1),
('212111111114052', 58, 4, NULL, 1),
('212111111114053', 58, 4, NULL, 1),
('212111111114054', 58, 4, NULL, 1),
('212111111114055', 58, 4, NULL, 1),
('212111111115000', 66, 4, 1, 0),
('212111111115001', 66, 4, 1, 0),
('212111111115002', 66, 4, 1, 0),
('212111111115003', 66, 4, 1, 0),
('212111111115004', 66, 4, 1, 0),
('212111111115005', 66, 4, 1, 0),
('212111111115006', 66, 4, 1, 0),
('212111111115007', 66, 4, NULL, 1),
('212111111115008', 66, 4, NULL, 1),
('212111111115009', 66, 4, NULL, 1),
('212111111115010', 66, 4, NULL, 1),
('212111111115011', 66, 4, NULL, 1),
('212111111115012', 66, 4, NULL, 1),
('212111111115013', 66, 4, NULL, 1),
('212111111115014', 66, 4, NULL, 1),
('212111111115015', 66, 4, NULL, 1),
('212111111115016', 66, 4, NULL, 1),
('212111111115017', 66, 4, NULL, 1),
('212111111115018', 66, 4, NULL, 1),
('212111111115019', 66, 4, NULL, 1),
('212111111115020', 66, 4, NULL, 1),
('212111111115021', 66, 4, NULL, 1),
('212111111115022', 66, 4, NULL, 1),
('212111111115024', 70, 4, NULL, 1),
('212111111115025', 70, 4, NULL, 1),
('212111111115026', 70, 4, NULL, 1),
('212111111115027', 70, 4, NULL, 1),
('212111111115028', 70, 4, NULL, 1),
('212111111115029', 70, 4, NULL, 1),
('212111111115030', 70, 4, NULL, 1),
('212111111115031', 70, 4, NULL, 1),
('212111111115032', 70, 4, NULL, 1),
('212111111115033', 70, 4, NULL, 1),
('212111111115034', 70, 4, NULL, 1),
('212111111115035', 70, 4, NULL, 1),
('212111111115036', 70, 4, NULL, 1),
('212111111115037', 70, 4, NULL, 1),
('212111111115038', 70, 4, NULL, 1),
('212111111115039', 70, 4, NULL, 1),
('212111111115040', 70, 4, NULL, 1),
('212111111115041', 70, 4, NULL, 1),
('212111111115042', 70, 4, NULL, 1),
('212111111115043', 70, 4, NULL, 1),
('212111111115044', 70, 4, NULL, 1),
('212111111115045', 70, 4, NULL, 1),
('212111111115046', 70, 4, NULL, 1),
('212111111115047', 70, 4, NULL, 1),
('212111111116000', 72, 4, NULL, 1),
('212111111116001', 72, 4, NULL, 1),
('212111111116002', 72, 4, NULL, 1),
('212111111116003', 72, 4, NULL, 1),
('212111111116004', 72, 4, NULL, 1),
('212111111116005', 72, 4, NULL, 1),
('212111111116006', 72, 4, NULL, 1),
('212111111116007', 72, 4, NULL, 1),
('212111111116008', 72, 4, NULL, 1),
('212111111116009', 72, 4, NULL, 1),
('212111111116010', 72, 4, NULL, 1),
('212111111116011', 72, 4, NULL, 1),
('212111111116012', 72, 4, NULL, 1),
('212111111116013', 72, 4, NULL, 1),
('212111111116014', 72, 4, NULL, 1),
('212111111116015', 72, 4, NULL, 1),
('212111111116016', 72, 4, NULL, 1),
('212111111116017', 72, 4, NULL, 1),
('212111111116018', 72, 4, NULL, 1),
('212111111116019', 72, 4, NULL, 1),
('212111111116020', 72, 4, NULL, 1),
('212111111116021', 72, 4, NULL, 1),
('212111111116022', 72, 4, NULL, 1),
('212111111116023', 72, 4, NULL, 1),
('212111111116024', 72, 4, NULL, 1),
('212111111117000', 86, 4, NULL, 1),
('212111111117001', 86, 4, NULL, 1),
('212111111117002', 86, 4, NULL, 1),
('212111111117003', 86, 4, NULL, 1),
('212111111117004', 86, 4, NULL, 1),
('212111111117005', 86, 4, NULL, 1),
('212111111117006', 86, 4, NULL, 1),
('212111111117007', 86, 4, NULL, 1),
('212111111117008', 86, 4, NULL, 1),
('212111111117009', 86, 4, NULL, 1),
('212111111117010', 86, 4, NULL, 1),
('212111111117011', 86, 4, NULL, 1),
('212111111117012', 86, 4, NULL, 1),
('212111111117013', 86, 4, NULL, 1),
('212111111117014', 86, 4, NULL, 1),
('212111111117015', 86, 4, NULL, 1),
('212111111117016', 86, 4, NULL, 1),
('212111111117017', 86, 4, NULL, 1),
('212111111117018', 86, 4, NULL, 1),
('212111111117019', 86, 4, NULL, 1),
('212111111117020', 86, 4, NULL, 1),
('212111111117021', 86, 4, NULL, 1),
('212111111117022', 86, 4, NULL, 1),
('212111111117023', 86, 4, NULL, 1),
('212111111117024', 86, 4, NULL, 1),
('212111111117025', 86, 4, NULL, 1),
('212111111117026', 86, 4, NULL, 1),
('212111111117027', 86, 4, NULL, 1),
('212111111117028', 86, 4, NULL, 1),
('212111111117029', 86, 4, NULL, 1),
('212111111117030', 86, 4, NULL, 1),
('212111111117031', 86, 4, NULL, 1),
('212111111117032', 86, 4, NULL, 1),
('212111111117033', 86, 4, NULL, 1),
('212111111117034', 86, 4, NULL, 1),
('212111111117035', 86, 4, NULL, 1),
('212111111117036', 86, 4, NULL, 1),
('212111111117037', 86, 4, NULL, 1),
('212111111117038', 86, 4, NULL, 1),
('212111111117039', 86, 4, NULL, 1),
('212111111117040', 86, 4, NULL, 1),
('212111111117041', 86, 4, NULL, 1),
('212111111117042', 86, 4, NULL, 1),
('212111111117043', 86, 4, NULL, 1),
('212111111117044', 86, 4, NULL, 1),
('212111111117045', 86, 4, NULL, 1),
('212111111117046', 86, 4, NULL, 1),
('212111111117047', 86, 4, NULL, 1),
('212111111117048', 86, 4, NULL, 1),
('212111111117049', 86, 4, NULL, 1),
('212111111117080', 88, 5, NULL, 1),
('212111111117081', 88, 5, NULL, 1),
('212111111117082', 88, 5, NULL, 1),
('212111111117083', 88, 5, NULL, 1),
('212111111117084', 88, 5, NULL, 1),
('212111111117085', 88, 5, NULL, 1),
('212111111117086', 88, 5, NULL, 1),
('212111111117087', 88, 5, NULL, 1),
('212111111117088', 88, 5, NULL, 1),
('212111111117089', 88, 5, NULL, 1),
('212111111117090', 88, 5, NULL, 1),
('212111111117091', 88, 5, NULL, 1),
('212111111117092', 88, 5, NULL, 1),
('212111111117093', 88, 5, NULL, 1),
('212111111117094', 88, 5, NULL, 1),
('212111111117095', 88, 5, NULL, 1),
('212111111117096', 88, 5, NULL, 1),
('212111111117097', 88, 5, NULL, 1),
('212111111117098', 88, 5, NULL, 1),
('212111111117099', 88, 5, NULL, 1),
('212111111117100', 88, 5, NULL, 1),
('212111111117101', 88, 5, NULL, 1),
('212111111117102', 88, 5, NULL, 1),
('212111111117103', 88, 5, NULL, 1),
('212111111117104', 88, 5, NULL, 1),
('212111111117105', 88, 5, NULL, 1),
('212111111117106', 88, 5, NULL, 1),
('212111111117107', 88, 5, NULL, 1),
('212111111117108', 88, 5, NULL, 1),
('212111111117109', 88, 5, NULL, 1),
('212111111117110', 88, 5, NULL, 1),
('212111111117111', 88, 5, NULL, 1),
('212111111117112', 88, 5, NULL, 1),
('212111111117113', 88, 5, NULL, 1),
('212111111117114', 88, 5, NULL, 1),
('212111111117115', 88, 5, NULL, 1),
('212111111117116', 88, 5, NULL, 1),
('212111111117117', 88, 5, NULL, 1),
('212111111117118', 88, 5, NULL, 1),
('212111111117119', 88, 5, NULL, 1),
('212111111117120', 88, 5, NULL, 1),
('212111111117121', 88, 5, NULL, 1),
('212111111117122', 88, 5, NULL, 1),
('212111111117123', 88, 5, NULL, 1),
('212111111117124', 88, 5, NULL, 1),
('212111111117500', 102, 5, NULL, 1),
('212111111117501', 102, 5, NULL, 1),
('212111111117502', 102, 5, NULL, 1),
('212111111117503', 102, 5, NULL, 1),
('212111111117504', 102, 5, NULL, 1),
('212111111117505', 102, 5, NULL, 1),
('212111111117506', 102, 5, NULL, 1),
('212111111117507', 102, 5, NULL, 1),
('212111111117508', 102, 5, NULL, 1),
('212111111117509', 102, 5, NULL, 1),
('212111111117510', 102, 5, NULL, 1),
('212111111117511', 102, 5, NULL, 1),
('212111111117512', 102, 5, NULL, 1),
('212111111117513', 102, 5, NULL, 1),
('212111111117514', 102, 5, NULL, 1),
('212111111117515', 102, 5, NULL, 1),
('212111111117516', 102, 5, NULL, 1),
('212111111117517', 102, 5, NULL, 1),
('212111111117518', 102, 5, NULL, 1),
('212111111117519', 102, 5, NULL, 1),
('212111111117520', 102, 5, NULL, 1),
('212111111117521', 102, 5, NULL, 1),
('212111111117522', 102, 5, NULL, 1),
('212111111117523', 102, 5, NULL, 1),
('212111111117524', 102, 5, NULL, 1),
('212111111117525', 102, 5, NULL, 1),
('212111111117526', 102, 5, NULL, 1),
('212111111117527', 102, 5, NULL, 1),
('212111111117528', 102, 5, NULL, 1),
('212111111117529', 102, 5, NULL, 1),
('212111111117530', 102, 5, NULL, 1),
('212111111117531', 102, 5, NULL, 1),
('212111111117532', 102, 5, NULL, 1),
('212111111117533', 102, 5, NULL, 1),
('212111111117534', 102, 5, NULL, 1),
('212111111117535', 102, 5, NULL, 1),
('212111111117536', 102, 5, NULL, 1),
('212111111117537', 102, 5, NULL, 1),
('212111111117538', 102, 5, NULL, 1),
('212111111117539', 102, 5, NULL, 1),
('212111111117540', 102, 5, NULL, 1),
('212111111117541', 102, 5, NULL, 1),
('212111111117542', 102, 5, NULL, 1),
('212111111117543', 102, 5, NULL, 1),
('212111111117544', 102, 5, NULL, 1),
('212111111117545', 102, 5, NULL, 1),
('212111111117546', 102, 5, NULL, 1),
('212111111117547', 102, 5, NULL, 1),
('212111111117548', 102, 5, NULL, 1),
('212111111117549', 102, 5, NULL, 1),
('212111111117550', 102, 5, NULL, 1),
('212111111117551', 102, 5, NULL, 1),
('212111111117552', 102, 5, NULL, 1),
('212111111117553', 102, 5, NULL, 1),
('212111111117554', 102, 5, NULL, 1),
('212111111117555', 102, 5, NULL, 1),
('212111111117556', 102, 5, NULL, 1),
('212111111117557', 102, 5, NULL, 1),
('212111111117558', 102, 5, NULL, 1),
('212111111117559', 102, 5, NULL, 1),
('212111111117600', 96, 5, 1, 0),
('212111111117601', 96, 5, 1, 0),
('212111111117602', 96, 5, 1, 0),
('212111111117603', 96, 5, 1, 0),
('212111111117604', 96, 5, NULL, 1),
('212111111117605', 96, 5, NULL, 1),
('212111111117606', 96, 5, NULL, 1),
('212111111117607', 96, 5, NULL, 1),
('212111111117608', 96, 5, NULL, 1),
('212111111117609', 96, 5, NULL, 1),
('212111111117610', 96, 5, NULL, 1),
('212111111117611', 96, 5, NULL, 1),
('212111111117612', 96, 5, NULL, 1),
('212111111117613', 96, 5, NULL, 1),
('212111111117614', 96, 5, NULL, 1),
('212111111117615', 96, 5, NULL, 1),
('212111111117616', 96, 5, NULL, 1),
('212111111117617', 96, 5, NULL, 1),
('212111111117618', 96, 5, NULL, 1),
('212111111117619', 96, 5, NULL, 1),
('212111111117620', 96, 5, NULL, 1),
('212111111117621', 96, 5, NULL, 1),
('212111111117622', 96, 5, NULL, 1),
('212111111117623', 96, 5, NULL, 1),
('212111111117624', 96, 5, NULL, 1),
('212111111117625', 96, 5, NULL, 1),
('212111111117626', 96, 5, NULL, 1),
('212111111117627', 96, 5, NULL, 1),
('212111111117628', 96, 5, NULL, 1),
('212111111117629', 96, 5, NULL, 1),
('212111111117800', 104, 6, NULL, 1),
('212111111117801', 104, 6, NULL, 1),
('212111111117802', 104, 6, NULL, 1),
('212111111117803', 104, 6, NULL, 1),
('212111111117804', 104, 6, NULL, 1),
('212111111117805', 104, 6, NULL, 1),
('212111111117806', 104, 6, NULL, 1),
('212111111117807', 104, 6, NULL, 1),
('212111111117808', 104, 6, NULL, 1),
('212111111117809', 104, 6, NULL, 1),
('212111111117810', 104, 6, NULL, 1),
('212111111117811', 104, 6, NULL, 1),
('212111111117812', 104, 6, NULL, 1),
('212111111117813', 104, 6, NULL, 1),
('212111111117814', 104, 6, NULL, 1),
('212111111117815', 104, 6, NULL, 1),
('212111111117816', 104, 6, NULL, 1),
('212111111117817', 104, 6, NULL, 1),
('212111111117818', 104, 6, NULL, 1),
('212111111117819', 104, 6, NULL, 1),
('212111111117850', 110, 6, NULL, 1),
('212111111117851', 110, 6, NULL, 1),
('212111111117852', 110, 6, NULL, 1),
('212111111117853', 110, 6, NULL, 1),
('212111111117854', 110, 6, NULL, 1),
('212111111117855', 110, 6, NULL, 1),
('212111111117856', 110, 6, NULL, 1),
('212111111117857', 110, 6, NULL, 1),
('212111111117858', 110, 6, NULL, 1),
('212111111117859', 110, 6, NULL, 1),
('212111111117860', 110, 6, NULL, 1),
('212111111117861', 110, 6, NULL, 1),
('212111111117862', 110, 6, NULL, 1),
('212111111117863', 110, 6, NULL, 1),
('212111111117864', 110, 6, NULL, 1),
('212111111117865', 110, 6, NULL, 1),
('212111111117866', 110, 6, NULL, 1),
('212111111117867', 110, 6, NULL, 1),
('212111111117868', 110, 6, NULL, 1),
('212111111117869', 110, 6, NULL, 1),
('212111111117870', 110, 6, NULL, 1),
('212111111117871', 110, 6, NULL, 1),
('212111111117872', 110, 6, NULL, 1),
('212111111117873', 110, 6, NULL, 1),
('212111111117874', 110, 6, NULL, 1),
('212111111117875', 110, 6, NULL, 1),
('212111111117876', 110, 6, NULL, 1),
('212111111117877', 110, 6, NULL, 1),
('212111111117878', 110, 6, NULL, 1),
('212111111117879', 110, 6, NULL, 1),
('212111111118080', 126, 6, 3, 0),
('212111111118081', 126, 6, NULL, 1),
('212111111118082', 126, 6, NULL, 1),
('212111111118083', 126, 6, NULL, 1),
('212111111118084', 126, 6, NULL, 1),
('212111111118085', 126, 6, NULL, 1),
('212111111118086', 126, 6, NULL, 1),
('212111111118087', 126, 6, NULL, 1),
('212111111118088', 126, 6, NULL, 1),
('212111111118089', 126, 6, NULL, 1),
('212111111118090', 126, 6, NULL, 1),
('212111111118091', 126, 6, NULL, 1),
('212111111118092', 126, 6, NULL, 1),
('212111111118093', 126, 6, NULL, 1),
('212111111118094', 126, 6, NULL, 1),
('212111111118300', 124, 6, NULL, 1),
('212111111118301', 124, 6, NULL, 1),
('212111111118302', 124, 6, NULL, 1),
('212111111118303', 124, 6, NULL, 1),
('212111111118304', 124, 6, NULL, 1),
('212111111118305', 124, 6, NULL, 1),
('212111111118306', 124, 6, NULL, 1),
('212111111118307', 124, 6, NULL, 1),
('212111111118308', 124, 6, NULL, 1),
('212111111118309', 124, 6, NULL, 1),
('212111111118310', 124, 6, NULL, 1),
('212111111118311', 124, 6, NULL, 1),
('212111111118312', 124, 6, NULL, 1),
('212111111118313', 124, 6, NULL, 1),
('212111111118314', 124, 6, NULL, 1),
('212111111118315', 124, 6, NULL, 1),
('212111111118316', 124, 6, NULL, 1),
('212111111118317', 124, 6, NULL, 1),
('212111111118318', 124, 6, NULL, 1),
('212111111118319', 124, 6, NULL, 1),
('212111111118320', 124, 6, NULL, 1),
('212111111118321', 124, 6, NULL, 1),
('212111111118322', 124, 6, NULL, 1),
('212111111118323', 124, 6, NULL, 1),
('212111111118324', 124, 6, NULL, 1),
('212111111118325', 124, 6, NULL, 1),
('212111111118326', 124, 6, NULL, 1),
('212111111118327', 124, 6, NULL, 1),
('212111111118328', 124, 6, NULL, 1),
('212111111118329', 124, 6, NULL, 1),
('212111111118330', 124, 6, NULL, 1),
('212111111118331', 124, 6, NULL, 1),
('212111111118332', 124, 6, NULL, 1),
('212111111118333', 124, 6, NULL, 1),
('212111111118334', 124, 6, NULL, 1),
('212111111118335', 124, 6, NULL, 1),
('212111111118336', 124, 6, NULL, 1),
('212111111118337', 124, 6, NULL, 1),
('212111111118338', 124, 6, NULL, 1),
('212111111118339', 124, 6, NULL, 1),
('212111111118340', 124, 6, NULL, 1),
('212111111118341', 124, 6, NULL, 1),
('212111111118342', 124, 6, NULL, 1),
('212111111118343', 124, 6, NULL, 1),
('212111111118344', 124, 6, NULL, 1),
('234307273503481', 33, 13, NULL, 1),
('234307273503482', 33, 13, NULL, 1),
('234307273503483', 33, 13, NULL, 1),
('234307273503484', 33, 13, NULL, 1),
('234307273503485', 33, 13, NULL, 1),
('234307273503486', 33, 13, NULL, 1),
('234307273503487', 33, 13, NULL, 1),
('234307273503488', 33, 13, NULL, 1),
('234307273503489', 33, 13, NULL, 1),
('234307273503490', 33, 13, NULL, 1),
('234307273503491', 33, 13, NULL, 1),
('234307273503492', 33, 13, NULL, 1),
('234307273503493', 33, 13, NULL, 1),
('234307273503494', 33, 13, NULL, 1),
('234307273503495', 33, 13, NULL, 1),
('237439786201794', 85, 16, NULL, 1),
('237439786201795', 85, 16, NULL, 1),
('237439786201796', 85, 16, NULL, 1),
('237439786201797', 85, 16, NULL, 1),
('237439786201798', 85, 16, NULL, 1),
('237439786201799', 85, 16, NULL, 1),
('237439786201800', 85, 16, NULL, 1),
('237439786201801', 85, 16, NULL, 1),
('237439786201802', 85, 16, NULL, 1),
('237439786201803', 85, 16, NULL, 1),
('248644019558673', 58, 14, NULL, 1),
('248644019558674', 58, 14, NULL, 1),
('248644019558675', 58, 14, NULL, 1),
('248644019558676', 58, 14, NULL, 1),
('248644019558677', 58, 14, NULL, 1),
('248644019558678', 58, 14, NULL, 1),
('267300933303009', 113, 15, NULL, 1),
('267300933303010', 113, 15, 14, 0),
('267300933303011', 113, 15, 14, 0),
('267300933303012', 113, 15, 14, 0),
('267300933303013', 113, 15, NULL, 1),
('267300933303014', 113, 15, NULL, 1),
('267300933303015', 113, 15, 16, 0),
('267300933303016', 113, 15, 16, 0),
('267300933303017', 113, 15, 16, 0),
('267300933303018', 113, 15, NULL, 1),
('267300933303019', 113, 15, NULL, 1),
('267300933303020', 113, 15, NULL, 1),
('267300933303021', 113, 15, NULL, 1),
('312111111111111', 38, 3, NULL, 1),
('312111111111112', 38, 3, NULL, 1),
('312111111111113', 38, 3, NULL, 1),
('312111111111114', 38, 3, NULL, 1),
('312111111111115', 38, 3, NULL, 1),
('312111111111116', 38, 3, NULL, 1),
('312111111111117', 38, 3, NULL, 1),
('312111111111118', 38, 3, NULL, 1),
('312111111111119', 38, 3, NULL, 1),
('312111111111120', 38, 3, NULL, 1),
('312111111111121', 38, 3, NULL, 1),
('312111111111122', 38, 3, NULL, 1),
('312111111111123', 38, 3, NULL, 1),
('312111111111124', 38, 3, NULL, 1),
('312111111111125', 38, 3, NULL, 1),
('312111111111126', 38, 3, NULL, 1),
('312111111111127', 38, 3, NULL, 1),
('312111111111128', 38, 3, NULL, 1),
('312111111111129', 38, 3, NULL, 1),
('312111111111130', 38, 3, NULL, 1),
('325645285296325', 125, 21, NULL, 1),
('325645285296326', 125, 21, NULL, 1),
('325645285296327', 125, 21, NULL, 1),
('325645285296328', 125, 21, NULL, 1),
('325645285296329', 125, 21, NULL, 1),
('354091067813468', 2, 5, NULL, 1),
('354091067813469', 2, 5, 6, 0),
('355663242747336', 17, 4, 4, 0),
('355663242747337', 17, 4, 4, 0),
('355663242747338', 17, 4, 4, 0),
('355663242747339', 17, 4, 4, 0),
('355663242747340', 17, 4, 4, 0),
('356285038690365', 93, 20, NULL, 1),
('356285038690366', 93, 20, NULL, 1),
('356285038690367', 93, 20, NULL, 1),
('356285038690368', 93, 20, NULL, 1),
('356285038690369', 93, 20, NULL, 1),
('356285077460984', 19, 1, 2, 0),
('356285077460985', 19, 1, 3, 0),
('356285077460989', 19, 2, 3, 0),
('356285077460990', 19, 2, 3, 0),
('356285077460991', 19, 2, 12, 0),
('356285077460992', 19, 2, 12, 0),
('356285077460993', 19, 2, 12, 0),
('356285088460123', 2, 2, 6, 0),
('356285088460124', 2, 2, 6, 0),
('356285088460125', 2, 2, 6, 0),
('356285088460126', 2, 2, NULL, 1),
('356285088460127', 2, 2, NULL, 1),
('356285088460128', 2, 2, 9, 0),
('356285088460129', 2, 2, 9, 0),
('356285088460876', 2, 1, 9, 0),
('356285088460877', 2, 1, 9, 0),
('356285088460878', 2, 1, NULL, 1),
('356285088460879', 2, 1, NULL, 1),
('356285088460880', 2, 1, 12, 0),
('356285088460881', 2, 1, 12, 0),
('356679247460989', 17, 3, 5, 0),
('356679247460990', 17, 3, 5, 0),
('356679247460991', 17, 3, 5, 0),
('356679247460992', 17, 3, NULL, 1),
('356679247460993', 17, 3, 5, 0),
('356679247460994', 17, 3, NULL, 1),
('356679247460995', 17, 3, 8, 0),
('356679247460996', 17, 3, 8, 0),
('356679247460997', 17, 3, 7, 0),
('356679247460998', 17, 3, 8, 0),
('356679247460999', 17, 3, NULL, 1),
('356679247461000', 17, 3, 10, 0),
('427856011841915', 24, 12, NULL, 1),
('427856011841916', 24, 12, NULL, 1),
('427856011841917', 24, 12, NULL, 1),
('493536926712616', 51, 14, NULL, 1),
('493536926712617', 51, 14, 21, 0),
('493536926712618', 51, 14, 21, 0),
('493536926712619', 51, 14, 21, 0),
('493536926712620', 51, 14, NULL, 1),
('493536926712621', 51, 14, NULL, 1),
('493536926712622', 51, 14, NULL, 1),
('493536926712623', 51, 14, NULL, 1),
('493536926712624', 51, 14, NULL, 1),
('493536926712625', 51, 14, NULL, 1),
('493536926712626', 51, 14, NULL, 1),
('493536926712627', 51, 14, NULL, 1),
('514897969548020', 28, 12, NULL, 1),
('514897969548021', 28, 12, NULL, 1),
('514897969548022', 28, 12, NULL, 1),
('514897969548023', 28, 12, NULL, 1),
('578559728952141', 35, 13, NULL, 1),
('578559728952142', 35, 13, NULL, 1),
('578559728952143', 35, 13, NULL, 1),
('578559728952144', 35, 13, 22, 0),
('578559728952145', 35, 13, 22, 0),
('578559728952146', 35, 13, 22, 0),
('578559728952147', 35, 13, 22, 0),
('578559728952148', 35, 13, NULL, 1),
('578559728952149', 35, 13, NULL, 1),
('578559728952150', 35, 13, NULL, 1),
('578559728952151', 35, 13, NULL, 1),
('578559728952152', 35, 13, NULL, 1),
('578559728952153', 35, 13, NULL, 1),
('578559728952154', 35, 13, NULL, 1),
('578559728952155', 35, 13, NULL, 1),
('630481155578246', 97, 16, NULL, 1),
('630481155578247', 97, 16, NULL, 1),
('630481155578248', 97, 16, NULL, 1),
('630481155578249', 97, 16, NULL, 1),
('630481155578250', 97, 16, NULL, 1),
('630481155578251', 97, 16, NULL, 1),
('630481155578252', 97, 16, NULL, 1),
('630481155578253', 97, 16, NULL, 1),
('630481155578254', 97, 16, NULL, 1),
('630481155578255', 97, 16, NULL, 1),
('630481155578256', 97, 16, NULL, 1),
('630481155578257', 97, 16, NULL, 1),
('630481155578258', 97, 16, NULL, 1),
('630481155578259', 97, 16, NULL, 1),
('630481155578260', 97, 16, NULL, 1),
('630481155578261', 97, 16, NULL, 1),
('630481155578262', 97, 16, NULL, 1),
('630481155578263', 97, 16, NULL, 1),
('630481155578264', 97, 16, NULL, 1),
('630481155578265', 97, 16, NULL, 1),
('663695386896779', 115, 15, NULL, 1),
('663695386896780', 115, 15, NULL, 1),
('663695386896781', 115, 15, NULL, 1),
('663695386896782', 115, 15, NULL, 1),
('663695386896783', 115, 15, NULL, 1),
('663695386896784', 115, 15, 15, 0),
('663695386896785', 115, 15, 15, 0),
('845223209939936', 91, 18, 17, 0),
('845223209939937', 91, 18, 17, 0),
('845223209939938', 91, 18, 17, 0),
('845223209939939', 91, 18, 16, 0),
('845223209939940', 91, 18, 16, 0),
('853057665280035', 31, 13, 20, 0),
('853057665280036', 31, 13, 20, 0),
('853057665280037', 31, 13, NULL, 1),
('853057665280038', 31, 13, NULL, 1),
('853057665280039', 31, 13, NULL, 1),
('853057665280040', 31, 13, NULL, 1),
('853057665280041', 31, 13, NULL, 1),
('853057665280042', 31, 13, NULL, 1),
('853057665280043', 31, 13, NULL, 1),
('853057665280044', 31, 13, NULL, 1),
('853057665280045', 31, 13, NULL, 1),
('853057665280046', 31, 13, NULL, 1),
('853057665280047', 31, 13, NULL, 1),
('853057665280048', 31, 13, NULL, 1),
('853057665280049', 31, 13, NULL, 1),
('876068039547345', 75, 17, 18, 0),
('876068039547346', 75, 17, 18, 0),
('876068039547347', 75, 17, 18, 0),
('876068039547348', 75, 17, NULL, 1),
('876068039547349', 75, 17, NULL, 1),
('876068039547350', 75, 17, NULL, 1),
('876068039547351', 75, 17, NULL, 1),
('876068039547352', 75, 17, NULL, 1),
('876068039547353', 75, 17, NULL, 1),
('912609172880156', 17, 10, 10, 0),
('919448001026640', 49, 13, NULL, 1),
('919448001026641', 49, 13, NULL, 1),
('919448001026642', 49, 13, NULL, 1),
('919448001026643', 49, 13, NULL, 1),
('919448001026644', 49, 13, NULL, 1),
('919448001026645', 49, 13, NULL, 1),
('919448001026646', 49, 13, 24, 0),
('919448001026647', 49, 13, 24, 0),
('919448001026648', 49, 13, 24, 0),
('919448001026649', 49, 13, NULL, 1),
('919448001026650', 49, 13, NULL, 1),
('919448001026651', 49, 13, NULL, 1),
('919448001026652', 49, 13, NULL, 1),
('919448001026653', 49, 13, NULL, 1),
('919448001026654', 49, 13, NULL, 1),
('919448001026655', 49, 13, NULL, 1),
('919448001026656', 49, 13, NULL, 1),
('919448001026657', 49, 13, NULL, 1),
('919448001026658', 49, 13, NULL, 1),
('919448001026659', 49, 13, NULL, 1),
('919448001026660', 49, 13, NULL, 1),
('919448001026661', 49, 13, NULL, 1),
('919448001026662', 49, 13, NULL, 1),
('919448001026663', 49, 13, NULL, 1),
('919448001026664', 49, 13, NULL, 1),
('919448001026665', 49, 13, NULL, 1),
('919448001026666', 49, 13, NULL, 1),
('919448001026667', 49, 13, NULL, 1),
('919448001026668', 49, 13, NULL, 1),
('919448001026669', 49, 13, NULL, 1),
('964768426041520', 89, 18, 17, 0),
('964768426041521', 89, 18, 17, 0),
('964768426041522', 89, 18, 17, 0),
('964768426041523', 89, 18, 17, 0),
('964768426041524', 89, 18, 17, 0),
('968080239661041', 2, 11, 13, 0);

-- --------------------------------------------------------

--
-- Cấu trúc bảng cho bảng `danhmucchucnang`
--

CREATE TABLE `danhmucchucnang` (
  `machucnang` varchar(50) NOT NULL,
  `tenchucnang` varchar(255) NOT NULL,
  `trangthai` int(11) NOT NULL
) ENGINE=InnoDB DEFAULT CHARSET=utf8mb4 COLLATE=utf8mb4_general_ci;

--
-- Đang đổ dữ liệu cho bảng `danhmucchucnang`
--

INSERT INTO `danhmucchucnang` (`machucnang`, `tenchucnang`, `trangthai`) VALUES
('khachhang', 'Quản lý khách hàng', 0),
('khuvuckho', 'Quản lý khu vực kho', 0),
('nhacungcap', 'Quản lý nhà cung cấp', 0),
('nhanvien', 'Quản lý nhân viên', 0),
('nhaphang', 'Quản lý nhập hàng', 0),
('nhomquyen', 'Quản lý nhóm quyền', 0),
('sanpham', 'Quản lý sản phẩm', 0),
('taikhoan', 'Quản lý tài khoản', 0),
('thongke', 'Quản lý thống kê', 0),
('thuoctinh', 'Quản lý thuộc tính', 0),
('xuathang', 'Quản lý xuất hàng', 0);

-- --------------------------------------------------------

--
-- Cấu trúc bảng cho bảng `dungluongram`
--

CREATE TABLE `dungluongram` (
  `madlram` int(11) NOT NULL,
  `kichthuocram` int(11) DEFAULT NULL,
  `trangthai` tinyint(4) DEFAULT 1
) ENGINE=InnoDB DEFAULT CHARSET=utf8mb4 COLLATE=utf8mb4_general_ci;

--
-- Đang đổ dữ liệu cho bảng `dungluongram`
--

INSERT INTO `dungluongram` (`madlram`, `kichthuocram`, `trangthai`) VALUES
(1, 3, 1),
(2, 2, 1),
(3, 4, 1),
(4, 6, 1),
(5, 8, 1),
(6, 12, 1);

-- --------------------------------------------------------

--
-- Cấu trúc bảng cho bảng `dungluongrom`
--

CREATE TABLE `dungluongrom` (
  `madlrom` int(11) NOT NULL,
  `kichthuocrom` int(11) DEFAULT NULL,
  `trangthai` tinyint(4) DEFAULT 1
) ENGINE=InnoDB DEFAULT CHARSET=utf8mb4 COLLATE=utf8mb4_general_ci;

--
-- Đang đổ dữ liệu cho bảng `dungluongrom`
--

INSERT INTO `dungluongrom` (`madlrom`, `kichthuocrom`, `trangthai`) VALUES
(1, 32, 1),
(2, 64, 1),
(3, 128, 1),
(4, 256, 1),
(5, 512, 1),
(6, 1024, 1);

-- --------------------------------------------------------

--
-- Cấu trúc bảng cho bảng `hedieuhanh`
--

CREATE TABLE `hedieuhanh` (
  `mahedieuhanh` int(11) NOT NULL,
  `tenhedieuhanh` varchar(255) NOT NULL,
  `trangthai` tinyint(1) DEFAULT NULL
) ENGINE=InnoDB DEFAULT CHARSET=utf8mb4 COLLATE=utf8mb4_general_ci;

--
-- Đang đổ dữ liệu cho bảng `hedieuhanh`
--

INSERT INTO `hedieuhanh` (`mahedieuhanh`, `tenhedieuhanh`, `trangthai`) VALUES
(1, 'Android', 1),
(2, 'IOS', 1),
(3, '', 0);

-- --------------------------------------------------------

--
-- Cấu trúc bảng cho bảng `khachhang`
--

CREATE TABLE `khachhang` (
  `makh` int(11) NOT NULL,
  `tenkhachhang` varchar(255) NOT NULL,
  `diachi` varchar(255) NOT NULL,
  `sdt` varchar(255) NOT NULL,
  `trangthai` int(11) NOT NULL,
  `ngaythamgia` datetime NOT NULL DEFAULT current_timestamp()
) ENGINE=InnoDB DEFAULT CHARSET=utf8mb4 COLLATE=utf8mb4_general_ci;

--
-- Đang đổ dữ liệu cho bảng `khachhang`
--

INSERT INTO `khachhang` (`makh`, `tenkhachhang`, `diachi`, `sdt`, `trangthai`, `ngaythamgia`) VALUES
(1, 'Nguyễn Quang Mạnh', 'Dồng Tiến, Quỳnh Phụ, Thái Bình', '0852608689', 1, '2024-05-17 22:55:22'),
(2, 'Nguyễn Duy Chiến', 'Quốc lộ 32A, Láng Hạ,Hà Nội', '0876456654', 1, '2024-05-17 22:55:57'),
(3, 'Nguyễn Thùy Chi', 'Hải Hậu, Hải Hà, Nam Định', '0888444555', 1, '2024-05-17 22:57:29'),
(4, 'Phạm Văn Dương', 'Quốc Lộ 36B,Bỉm Sơn, Thanh Hóa,', '0987789987', 1, '2024-05-17 22:58:08'),
(5, 'Lê Văn Luyện', 'Nguyễn Trãi, Vũ Thư, Thái Bình', '0976678876', 1, '2024-05-17 22:59:05'),
(6, 'Trần Trung Kiên', 'Thành Tri, Thanh Trì, Hà Nội', '0867765743', 1, '2024-05-17 22:59:44'),
(7, 'Trần Đức Lương', 'Số nhà 65, Thành Phố Thanh Hóa, Thanh Hóa', '087657746', 1, '2024-05-17 23:00:23'),
(8, 'Bùi Quang Minh', 'Lương Hòa, Vĩnh Thọ, Vĩnh Phúc', '0975894355', 1, '2024-05-17 23:01:03');

-- --------------------------------------------------------

--
-- Cấu trúc bảng cho bảng `khuvuckho`
--

CREATE TABLE `khuvuckho` (
  `makhuvuc` int(11) NOT NULL,
  `tenkhuvuc` varchar(255) NOT NULL,
  `ghichu` varchar(255) NOT NULL,
  `trangthai` int(11) NOT NULL
) ENGINE=InnoDB DEFAULT CHARSET=utf8mb4 COLLATE=utf8mb4_general_ci;

--
-- Đang đổ dữ liệu cho bảng `khuvuckho`
--

INSERT INTO `khuvuckho` (`makhuvuc`, `tenkhuvuc`, `ghichu`, `trangthai`) VALUES
(1, 'Khu vực A', 'Apple', 1),
(2, 'Khu vực B', 'Xiaomi', 1),
(3, 'Khu vực C', 'Samsung', 1),
(4, 'Khu vực D', 'Realme', 1),
(5, 'Khu vực E', 'Oppo', 1);

-- --------------------------------------------------------

--
-- Cấu trúc bảng cho bảng `mausac`
--

CREATE TABLE `mausac` (
  `mamau` int(11) NOT NULL,
  `tenmau` varchar(50) NOT NULL DEFAULT '0',
  `trangthai` tinyint(4) DEFAULT 1
) ENGINE=InnoDB DEFAULT CHARSET=utf8mb4 COLLATE=utf8mb4_general_ci;

--
-- Đang đổ dữ liệu cho bảng `mausac`
--

INSERT INTO `mausac` (`mamau`, `tenmau`, `trangthai`) VALUES
(1, 'Xanh', 1),
(2, 'Đỏ', 1),
(3, 'Vàng', 1),
(4, 'Bạc', 1),
(5, 'Hồng', 1),
(6, 'Đen', 1),
(7, 'Xanh ngọc', 1),
(8, 'Tím', 1),
(9, 'Xanh dương', 1),
(10, 'Xanh lá', 1),
(11, 'Cam', 1),
(12, 'Xám', 1),
(13, 'Trắng', 1);

-- --------------------------------------------------------

--
-- Cấu trúc bảng cho bảng `nhacungcap`
--

CREATE TABLE `nhacungcap` (
  `manhacungcap` int(11) NOT NULL,
  `tennhacungcap` varchar(255) NOT NULL,
  `diachi` varchar(255) NOT NULL,
  `email` varchar(255) NOT NULL,
  `sdt` varchar(255) NOT NULL,
  `trangthai` int(11) NOT NULL DEFAULT 1
) ENGINE=InnoDB DEFAULT CHARSET=utf8mb4 COLLATE=utf8mb4_general_ci;

--
-- Đang đổ dữ liệu cho bảng `nhacungcap`
--

INSERT INTO `nhacungcap` (`manhacungcap`, `tennhacungcap`, `diachi`, `email`, `sdt`, `trangthai`) VALUES
(1, 'Công ty FTPP', 'Chợ Nhổn, Phương Canh , Hà Nội', 'FPTemail@email.com', '0888560867', 1),
(2, 'Công ty PandaCoderSE', 'An Tràng, Quỳnh Phụ Thái Bình', 'nguyenPanda@email.com', '0867546789', 1),
(3, 'Công Ty ChiênBD', 'số nhà 18, Trần Đăng Ninh, Cầu Giấy, Hà Nội', 'congtychienbim@email.com', '0876555666', 1),
(4, 'Cong Ty TNHH LeVanLit Technology', 'Tu hoàng, Nam Từ Liêm, Hà Nội', 'LeVanLit@email.com', '0977657765', 1),
(5, 'Công Ty PhamDuong GLoBal', 'Quan Hoa, Thanh Thủy, Hải Phòng', 'GLobalCompany@email.com', '0852608689', 1),
(6, 'Công ty SamSung Technology ', 'Số 5A, Thành Phố Thái Nguyên, Thái Nguyên', 'samsungelc@email.com', '0999888777', 1),
(7, 'Công ty Cell phoneS education', 'Số 198, Cầu Diễn, Minh Khai,Hà Nội', 'phoneSeducation@email.com', '0998778887', 1),
(8, 'Công ty Elecotynahnah PhoneGlobal', 'Số 5 , Yên Mỹ , Yên Hà, Hưng Yên', 'PhoneGlobal@gmail.com', '0876654675', 1),
(9, 'Công Ty VinGroup Smatsphone', 'số 7, Trần Thái Tông, Cầu Giấy, Hà Nội', 'Vingroup@email.com', '0877445544', 1),
(10, 'Công Ty WindowPX Technology', 'An Trai, Phương Canh, Nam Từ Liêm, Hà Nội', 'WindowPXacc@gmail.com', '0867762111', 1),
(11, 'Công Ty  TNHH SunWannasion', 'Khu Công Nghiệp Đô Lương, Hưng Hà, Thái Bình', 'SunWannasion@email.com', '0989989976', 1);

-- --------------------------------------------------------

--
-- Cấu trúc bảng cho bảng `nhanvien`
--

CREATE TABLE `nhanvien` (
  `manv` int(11) NOT NULL,
  `hoten` varchar(255) NOT NULL,
  `gioitinh` int(11) NOT NULL,
  `ngaysinh` date NOT NULL,
  `sdt` varchar(50) NOT NULL,
  `email` varchar(255) NOT NULL,
  `trangthai` int(11) NOT NULL
) ENGINE=InnoDB DEFAULT CHARSET=utf8mb4 COLLATE=utf8mb4_general_ci;

--
-- Đang đổ dữ liệu cho bảng `nhanvien`
--

INSERT INTO `nhanvien` (`manv`, `hoten`, `gioitinh`, `ngaysinh`, `sdt`, `email`, `trangthai`) VALUES
(2, 'Đỗ Trung Kiên', 1, '2003-05-22', '085674738', 'kien@gmail.com', 0),
(6, 'Nguyễn Văn Mạnh', 1, '2003-05-14', '0852608689', 'nguyenvanmanh2003dl@gmail.com', 1),
(7, 'Đỗ Trung Kiên', 1, '1999-05-13', '0852608689', 'kiendu@gmail.com', 1),
(8, 'Đỗ Thị Huyền', 0, '2003-05-06', '0865786665', 'huyen2003@gmail.com', 1),
(9, 'Bùi Quang Minh', 1, '2003-05-07', '0997868876', 'minhbabe@email.com', 1),
(10, 'Trần Trung Kiên', 1, '2003-05-07', '0852608688', 'KientranXiD@email.com', 1);

-- --------------------------------------------------------

--
-- Cấu trúc bảng cho bảng `nhomquyen`
--

CREATE TABLE `nhomquyen` (
  `manhomquyen` int(11) NOT NULL,
  `tennhomquyen` varchar(255) NOT NULL,
  `trangthai` int(11) NOT NULL
) ENGINE=InnoDB DEFAULT CHARSET=utf8mb4 COLLATE=utf8mb4_general_ci;

--
-- Đang đổ dữ liệu cho bảng `nhomquyen`
--

INSERT INTO `nhomquyen` (`manhomquyen`, `tennhomquyen`, `trangthai`) VALUES
(1, 'Quản lý kho', 1),
(2, 'Nhân viên nhập hàng', 1),
(3, 'Nhân viên xuất hàng', 1),
(4, 'Thủ kho', 0),
(5, 'Nhân viên kiểm kho', 0),
(6, 'tesst', 0),
(7, '', 0),
(8, 'ok', 0),
(9, 'ok', 0),
(10, 'abc', 1);

-- --------------------------------------------------------

--
-- Cấu trúc bảng cho bảng `phienbansanpham`
--

CREATE TABLE `phienbansanpham` (
  `maphienbansp` int(11) NOT NULL,
  `masp` int(11) DEFAULT NULL,
  `rom` int(11) DEFAULT NULL,
  `ram` int(11) DEFAULT 0,
  `mausac` int(11) DEFAULT NULL,
  `gianhap` int(11) DEFAULT NULL,
  `giaxuat` int(11) DEFAULT NULL,
  `soluongton` int(11) DEFAULT 0,
  `trangthai` tinyint(1) NOT NULL DEFAULT 1
) ENGINE=InnoDB DEFAULT CHARSET=utf8mb4 COLLATE=utf8mb4_general_ci;

--
-- Đang đổ dữ liệu cho bảng `phienbansanpham`
--

INSERT INTO `phienbansanpham` (`maphienbansp`, `masp`, `rom`, `ram`, `mausac`, `gianhap`, `giaxuat`, `soluongton`, `trangthai`) VALUES
(2, 1, 3, 4, 2, 18500000, 19100000, 20, 1),
(4, 1, 4, 4, 4, 19500000, 21100000, 0, 1),
(6, 1, 5, 5, 4, 20000000, 21000000, 0, 1),
(8, 1, 6, 6, 6, 25000000, 25500000, 0, 1),
(10, 2, 1, 1, 1, 3000000, 3500000, 15, 1),
(12, 2, 2, 3, 4, 4000000, 4500000, 0, 1),
(14, 2, 3, 3, 6, 5000000, 5100000, 0, 1),
(16, 3, 1, 1, 1, 2000000, 2200000, 30, 1),
(18, 3, 1, 1, 3, 2000000, 2200000, 0, 1),
(20, 3, 2, 3, 6, 3000000, 3200000, 0, 1),
(22, 4, 1, 1, 1, 4300000, 5000000, 0, 1),
(24, 4, 2, 3, 6, 4600000, 5000000, 0, 1),
(26, 4, 3, 3, 13, 4800000, 5500000, 25, 1),
(28, 5, 2, 3, 2, 5000000, 5500000, 0, 1),
(30, 5, 2, 3, 4, 5000000, 5500000, 0, 1),
(32, 5, 2, 3, 7, 5000000, 5500000, 0, 1),
(34, 5, 3, 4, 1, 6000000, 6300000, 30, 1),
(36, 6, 2, 3, 1, 7000000, 7500000, 0, 1),
(38, 6, 2, 3, 3, 7000000, 7500000, 20, 1),
(40, 6, 4, 4, 6, 8000000, 8500000, 15, 1),
(42, 6, 4, 4, 7, 8000000, 8500000, 0, 1),
(44, 7, 1, 1, 1, 3200000, 3500000, 50, 1),
(46, 7, 1, 1, 6, 3200000, 3500000, 0, 1),
(48, 7, 2, 3, 6, 3500000, 3900000, 0, 1),
(50, 8, 2, 3, 3, 5500000, 6000000, 91, 1),
(52, 8, 2, 3, 6, 5500000, 6000000, 0, 1),
(54, 8, 3, 3, 4, 5700000, 6200000, 0, 1),
(56, 8, 3, 3, 7, 5700000, 6200000, 0, 1),
(58, 9, 3, 4, 6, 11000000, 11500000, 56, 1),
(60, 9, 3, 4, 13, 11000000, 11500000, 0, 1),
(62, 9, 5, 4, 13, 12000000, 12500000, 0, 1),
(64, 9, 5, 4, 4, 12000000, 12500000, 0, 1),
(66, 10, 1, 1, 1, 3000000, 3500000, 16, 1),
(68, 10, 1, 1, 6, 3000000, 3500000, 0, 1),
(70, 10, 2, 3, 6, 3400000, 4000000, 24, 1),
(72, 11, 2, 3, 1, 5000000, 5500000, 25, 1),
(74, 11, 2, 3, 6, 5000000, 5500000, 0, 1),
(76, 11, 3, 4, 6, 5500000, 6000000, 0, 1),
(78, 11, 3, 4, 13, 5500000, 6000000, 0, 1),
(80, 12, 2, 3, 6, 5000000, 6000000, 0, 1),
(82, 12, 2, 3, 13, 5000000, 6000000, 0, 1),
(84, 12, 3, 3, 13, 5500000, 6500000, 0, 1),
(86, 12, 3, 3, 7, 5500000, 6500000, 50, 1),
(88, 13, 1, 1, 1, 3500000, 4000000, 45, 1),
(90, 13, 2, 3, 1, 3700000, 4100000, 0, 1),
(92, 13, 2, 3, 6, 3700000, 4100000, 0, 1),
(94, 13, 3, 4, 1, 4000000, 4300000, 0, 1),
(96, 14, 3, 3, 5, 12000000, 12500000, 26, 1),
(98, 14, 3, 3, 6, 12000000, 12500000, 0, 1),
(100, 14, 4, 4, 6, 12500000, 13500000, 0, 1),
(102, 14, 4, 4, 8, 12500000, 13500000, 60, 1),
(104, 15, 1, 1, 1, 3400000, 3600000, 20, 1),
(106, 15, 1, 1, 6, 3400000, 3600000, 0, 1),
(108, 15, 2, 3, 6, 3700000, 3900000, 0, 1),
(110, 15, 2, 3, 13, 3700000, 3900000, 30, 1),
(118, 16, 3, 4, 6, 20000000, 20500000, 0, 1),
(120, 16, 3, 4, 13, 20000000, 20500000, 0, 1),
(122, 16, 3, 4, 7, 20000000, 20500000, 0, 1),
(124, 16, 5, 4, 7, 22000000, 22500000, 45, 1),
(126, 16, 5, 4, 13, 22000000, 22500000, 14, 1);

-- --------------------------------------------------------

--
-- Cấu trúc bảng cho bảng `phieubaohanh`
--

CREATE TABLE `phieubaohanh` (
  `maphieubaohanh` int(11) NOT NULL,
  `maimei` varchar(255) NOT NULL,
  `lydo` varchar(50) NOT NULL,
  `thoigian` datetime NOT NULL DEFAULT curdate(),
  `thoigiantra` datetime DEFAULT NULL
) ENGINE=InnoDB DEFAULT CHARSET=utf8mb4 COLLATE=utf8mb4_general_ci;

-- --------------------------------------------------------

--
-- Cấu trúc bảng cho bảng `phieudoi`
--

CREATE TABLE `phieudoi` (
  `maphieudoi` tinyint(4) NOT NULL DEFAULT 0,
  `maimei` varchar(255) NOT NULL,
  `lydo` varchar(255) NOT NULL,
  `thoigian` date DEFAULT curdate(),
  `nguoitao` int(11) NOT NULL
) ENGINE=InnoDB DEFAULT CHARSET=utf8mb4 COLLATE=utf8mb4_general_ci;

-- --------------------------------------------------------

--
-- Cấu trúc bảng cho bảng `phieukiemke`
--

CREATE TABLE `phieukiemke` (
  `maphieu` int(11) NOT NULL,
  `thoigian` date NOT NULL DEFAULT curdate(),
  `nguoitaophieukiemke` int(11) NOT NULL
) ENGINE=InnoDB DEFAULT CHARSET=utf8mb4 COLLATE=utf8mb4_general_ci;

-- --------------------------------------------------------

--
-- Cấu trúc bảng cho bảng `phieunhap`
--

CREATE TABLE `phieunhap` (
  `maphieunhap` int(11) NOT NULL,
  `thoigian` datetime DEFAULT current_timestamp(),
  `manhacungcap` int(11) NOT NULL,
  `nguoitao` int(11) NOT NULL,
  `tongtien` bigint(20) NOT NULL DEFAULT 0,
  `trangthai` int(11) NOT NULL DEFAULT 1
) ENGINE=InnoDB DEFAULT CHARSET=utf8mb4 COLLATE=utf8mb4_general_ci;

--
-- Đang đổ dữ liệu cho bảng `phieunhap`
--

INSERT INTO `phieunhap` (`maphieunhap`, `thoigian`, `manhacungcap`, `nguoitao`, `tongtien`, `trangthai`) VALUES
(1, '2024-05-17 22:56:35', 1, 6, 370000000, 1),
(2, '2024-05-18 00:14:31', 1, 6, 405000000, 1),
(3, '2024-05-18 00:16:42', 2, 6, 970000000, 1),
(4, '2024-05-18 00:19:17', 4, 6, 1166600000, 1),
(5, '2024-05-18 00:20:50', 9, 6, 1267500000, 1),
(6, '2024-05-18 00:22:24', 1, 6, 1499000000, 1);

-- --------------------------------------------------------

--
-- Cấu trúc bảng cho bảng `phieutra`
--

CREATE TABLE `phieutra` (
  `maphieutra` int(11) NOT NULL,
  `maimei` varchar(255) NOT NULL,
  `lydo` varchar(255) NOT NULL,
  `thoigian` date DEFAULT curdate(),
  `nguoitao` int(11) NOT NULL
) ENGINE=InnoDB DEFAULT CHARSET=utf8mb4 COLLATE=utf8mb4_general_ci;

-- --------------------------------------------------------

--
-- Cấu trúc bảng cho bảng `phieuxuat`
--

CREATE TABLE `phieuxuat` (
  `maphieuxuat` int(11) NOT NULL,
  `thoigian` datetime NOT NULL DEFAULT current_timestamp(),
  `tongtien` bigint(20) DEFAULT NULL,
  `nguoitaophieuxuat` int(11) DEFAULT NULL,
  `makh` int(11) DEFAULT NULL,
  `trangthai` int(11) DEFAULT NULL
) ENGINE=InnoDB DEFAULT CHARSET=utf8mb4 COLLATE=utf8mb4_general_ci;

--
-- Đang đổ dữ liệu cho bảng `phieuxuat`
--

INSERT INTO `phieuxuat` (`maphieuxuat`, `thoigian`, `tongtien`, `nguoitaophieuxuat`, `makh`, `trangthai`) VALUES
(1, '2024-05-18 00:23:30', 74500000, 6, 1, 1),
(2, '2024-05-18 00:24:02', 54000000, 6, 3, 1),
(3, '2024-05-18 00:25:19', 22500000, 6, 6, 1);

-- --------------------------------------------------------

--
-- Cấu trúc bảng cho bảng `sanpham`
--

CREATE TABLE `sanpham` (
  `masp` int(11) NOT NULL,
  `tensp` varchar(255) DEFAULT NULL,
  `hinhanh` varchar(255) DEFAULT NULL,
  `xuatxu` int(11) DEFAULT NULL,
  `chipxuly` varchar(255) DEFAULT NULL,
  `dungluongpin` int(11) DEFAULT NULL,
  `kichthuocman` double DEFAULT NULL,
  `hedieuhanh` int(11) DEFAULT NULL,
  `phienbanhdh` int(11) DEFAULT NULL,
  `camerasau` varchar(255) DEFAULT NULL,
  `cameratruoc` varchar(255) DEFAULT NULL,
  `thoigianbaohanh` int(11) DEFAULT NULL,
  `thuonghieu` int(11) DEFAULT NULL,
  `khuvuckho` int(11) DEFAULT NULL,
  `soluongton` int(11) DEFAULT 0,
  `trangthai` tinyint(1) DEFAULT 1
) ENGINE=InnoDB DEFAULT CHARSET=utf8mb4 COLLATE=utf8mb4_general_ci;

--
-- Đang đổ dữ liệu cho bảng `sanpham`
--

INSERT INTO `sanpham` (`masp`, `tensp`, `hinhanh`, `xuatxu`, `chipxuly`, `dungluongpin`, `kichthuocman`, `hedieuhanh`, `phienbanhdh`, `camerasau`, `cameratruoc`, `thoigianbaohanh`, `thuonghieu`, `khuvuckho`, `soluongton`, `trangthai`) VALUES
(1, 'Samsung Galaxy S22 Ultra', '441177Galaxy-S22-Ultra-Burgundy-600x600.jpg', 2, 'Snapdragon 8 Gen 1', 5000, 6.8, 1, 13, '108 MP', '50 MP', 2, 3, 3, 20, 1),
(2, 'Samsung Galaxy A53 ', '3857samsung-galaxy-a53-cam-thumb-1-600x600.jpg', 2, 'Exynos 1280', 5000, 6.5, 1, 12, '40 MP', '10 MP', 1, 3, 3, 15, 1),
(3, 'ViVo Y02', '32474vivo-y02s-thumb-1-2-3-600x600.jpg', 1, ' MediaTek Helio P22', 4000, 6.1, 1, 10, '50 MP', '8 MP', 1, 10, 5, 30, 1),
(4, 'ViVo Y22s', '93292vivo-y22s-vang-thumb-600x600.jpg', 1, 'Snapdragon 680', 3000, 6.55, 1, 10, '32 MP', '12 MP', 1, 10, 5, 25, 1),
(5, 'OPPO Reno 6 pro', '68203oppo-reno6-pro-grey-600x600.jpg', 1, 'Snapdragon 870 5G', 4500, 6.1, 1, 12, '56 MP', '12 MP', 3, 9, 5, 30, 1),
(6, 'Samsung Galaxy S20', '786286samsung-galaxy-s20-fan-edition-xanh-la-thumbnew-600x600.jpeg', 2, 'Exynos 990', 4500, 6.55, 1, 13, '100 MP', '48 MP', 2, 3, 3, 35, 1),
(7, 'Samsung A14', '634337samsung-galaxy-a14-black-thumb-600x600.jpg', 2, 'MediaTek Dimensity 700', 5000, 6.3, 1, 13, '50 MP', '12 MP', 1, 3, 3, 50, 1),
(8, 'Samsung A54', '385399samsung-galaxy-a54-5g-tim-thumb-600x600.jpg', 1, 'Exynos 1380 (5 nm)', 3450, 6.55, 1, 14, '60 MP', '12 MP', 2, 3, 3, 91, 1),
(9, 'OPPO Find N2 Flip', '47429oppo-n2-flip-den-thumb-200x200.jpg', 1, 'MediaTek Dimensity 9000+', 5000, 6.3, 1, 14, '108 MP', '48 MP', 2, 9, 5, 56, 1),
(10, 'Xiaomi Redmi 13C', '985437xiaomi-redmi-12c-grey-thumb-600x600.jpg', 1, 'MediaTek Helio G85', 4000, 6.74, 1, 12, '50 MP', '12 MP', 1, 2, 2, 40, 1),
(11, 'Xiaomi Redmi Note 12', '941717xiaomi-redmi-note-12-4g-mono-den-600x600.jpg', 1, 'Qualcomm Snapdragon 685', 5000, 6.8, 1, 13, '200 MP', '12 MP', 2, 2, 2, 25, 1),
(12, 'iPhone 11', '255747OIP.png', 4, 'Apple A13 Bionic', 3110, 6.1, 2, 17, '12 MP', '12 MP', 2, 1, 1, 50, 1),
(13, 'Realme 5i', '496877realme-10-thumb-1-600x600.jpg', 1, '. Snapdragon 665 AIE', 4000, 6.55, 1, 13, '108 MP', '12 MP', 2, 11, 4, 45, 1),
(14, 'Iphone 13 ', '691997iphone-13-mini-pink-1-600x600.jpg', 4, 'Apple A15 Bionic', 3400, 6.1, 2, 17, '12 MP', '12 MP', 2, 1, 1, 86, 1),
(15, 'Realme C35', '278realme-c35-vang-thumb-200x200.jpg', 1, 'Unisoc T616 8 nhân', 5000, 6.55, 1, 12, '48 MP', '12 MP', 2, 11, 4, 50, 1),
(16, 'iPhone 14 Pro Max', '123iphone-14-pro-max.jpg', 1, 'Apple A16 Bionic', 4000, 6.5, 2, 17, '50 MP', '50 MP', 3, 1, 1, 59, 1);

-- --------------------------------------------------------

--
-- Cấu trúc bảng cho bảng `taikhoan`
--

CREATE TABLE `taikhoan` (
  `manv` int(11) NOT NULL,
  `matkhau` varchar(255) NOT NULL,
  `manhomquyen` int(11) NOT NULL,
  `tendangnhap` varchar(50) NOT NULL DEFAULT '',
  `trangthai` int(11) NOT NULL,
  `otp` varchar(50) DEFAULT NULL
) ENGINE=InnoDB DEFAULT CHARSET=utf8mb4 COLLATE=utf8mb4_general_ci;

--
-- Đang đổ dữ liệu cho bảng `taikhoan`
--

INSERT INTO `taikhoan` (`manv`, `matkhau`, `manhomquyen`, `tendangnhap`, `trangthai`, `otp`) VALUES
(2, '$2a$12$FEqW/XzIuaeCLM58dtrv6.RAtCwohijspAG9j.CVmwGq4/i9l9OTu', 3, 'kien2003', -1, NULL),
(6, '$2a$12$FEqW/XzIuaeCLM58dtrv6.RAtCwohijspAG9j.CVmwGq4/i9l9OTu', 1, 'manh2003', 1, NULL),
(8, '$2a$12$yuXdw7chDADnvWb4MFxvie3hgB68z/m/uOpTAzUOa47SWeACITvvm', 2, 'huyenk3', 1, NULL),
(10, '$2a$12$VcW7xMBPLPCr/TQuRJj.QeEZ87QegRz7xhDItYSH5A4LFHBrOvFuC', 2, 'kienaka', 1, NULL);

-- --------------------------------------------------------

--
-- Cấu trúc bảng cho bảng `thuonghieu`
--

CREATE TABLE `thuonghieu` (
  `mathuonghieu` int(11) NOT NULL,
  `tenthuonghieu` varchar(255) NOT NULL,
  `trangthai` tinyint(1) NOT NULL DEFAULT 1
) ENGINE=InnoDB DEFAULT CHARSET=utf8mb4 COLLATE=utf8mb4_general_ci;

--
-- Đang đổ dữ liệu cho bảng `thuonghieu`
--

INSERT INTO `thuonghieu` (`mathuonghieu`, `tenthuonghieu`, `trangthai`) VALUES
(1, 'Apple', 1),
(2, 'Xiaomi', 1),
(3, 'Samsung', 1),
(4, 'Sữa tươi', 0),
(7, 'g', 0),
(8, '', 0),
(9, 'Oppo', 1),
(10, 'Vivo', 1),
(11, 'Realme', 1),
(12, 'Nokia', 1),
(13, 'Vsmart', 1),
(14, 'Apple', 0);

-- --------------------------------------------------------

--
-- Cấu trúc bảng cho bảng `xuatxu`
--

CREATE TABLE `xuatxu` (
  `maxuatxu` int(11) NOT NULL,
  `tenxuatxu` varchar(50) NOT NULL,
  `trangthai` tinyint(1) DEFAULT 1
) ENGINE=InnoDB DEFAULT CHARSET=utf8mb4 COLLATE=utf8mb4_general_ci;

--
-- Đang đổ dữ liệu cho bảng `xuatxu`
--

INSERT INTO `xuatxu` (`maxuatxu`, `tenxuatxu`, `trangthai`) VALUES
(1, 'Trung Quốc', 1),
(2, 'Hàn Quốc', 1),
(3, 'Việt Nam', 1),
(4, 'USA', 1);

--
-- Chỉ mục cho các bảng đã đổ
--

--
-- Chỉ mục cho bảng `ctkiemke`
--
ALTER TABLE `ctkiemke`
  ADD PRIMARY KEY (`maphieukiemmke`,`masanpham`);

--
-- Chỉ mục cho bảng `ctphieunhap`
--
ALTER TABLE `ctphieunhap`
  ADD PRIMARY KEY (`maphieunhap`,`maphienbansp`);

--
-- Chỉ mục cho bảng `ctphieuxuat`
--
ALTER TABLE `ctphieuxuat`
  ADD PRIMARY KEY (`maphieuxuat`,`maphienbansp`);

--
-- Chỉ mục cho bảng `ctquyen`
--
ALTER TABLE `ctquyen`
  ADD PRIMARY KEY (`manhomquyen`,`machucnang`,`hanhdong`) USING BTREE;

--
-- Chỉ mục cho bảng `ctsanpham`
--
ALTER TABLE `ctsanpham`
  ADD PRIMARY KEY (`maimei`) USING BTREE;

--
-- Chỉ mục cho bảng `danhmucchucnang`
--
ALTER TABLE `danhmucchucnang`
  ADD PRIMARY KEY (`machucnang`);

--
-- Chỉ mục cho bảng `dungluongram`
--
ALTER TABLE `dungluongram`
  ADD PRIMARY KEY (`madlram`);

--
-- Chỉ mục cho bảng `dungluongrom`
--
ALTER TABLE `dungluongrom`
  ADD PRIMARY KEY (`madlrom`);

--
-- Chỉ mục cho bảng `hedieuhanh`
--
ALTER TABLE `hedieuhanh`
  ADD PRIMARY KEY (`mahedieuhanh`) USING BTREE;

--
-- Chỉ mục cho bảng `khachhang`
--
ALTER TABLE `khachhang`
  ADD PRIMARY KEY (`makh`);

--
-- Chỉ mục cho bảng `khuvuckho`
--
ALTER TABLE `khuvuckho`
  ADD PRIMARY KEY (`makhuvuc`);

--
-- Chỉ mục cho bảng `mausac`
--
ALTER TABLE `mausac`
  ADD PRIMARY KEY (`mamau`),
  ADD UNIQUE KEY `tenmau` (`tenmau`);

--
-- Chỉ mục cho bảng `nhacungcap`
--
ALTER TABLE `nhacungcap`
  ADD PRIMARY KEY (`manhacungcap`);

--
-- Chỉ mục cho bảng `nhanvien`
--
ALTER TABLE `nhanvien`
  ADD PRIMARY KEY (`manv`);

--
-- Chỉ mục cho bảng `nhomquyen`
--
ALTER TABLE `nhomquyen`
  ADD PRIMARY KEY (`manhomquyen`);

--
-- Chỉ mục cho bảng `phienbansanpham`
--
ALTER TABLE `phienbansanpham`
  ADD PRIMARY KEY (`maphienbansp`) USING BTREE,
  ADD KEY `FK_phienbansanpham_sanpham` (`masp`);

--
-- Chỉ mục cho bảng `phieubaohanh`
--
ALTER TABLE `phieubaohanh`
  ADD PRIMARY KEY (`maphieubaohanh`);

--
-- Chỉ mục cho bảng `phieudoi`
--
ALTER TABLE `phieudoi`
  ADD PRIMARY KEY (`maphieudoi`),
  ADD KEY `FK_phieudoi_ctsanpham` (`maimei`),
  ADD KEY `FK_phieudoi_taikhoan` (`nguoitao`);

--
-- Chỉ mục cho bảng `phieukiemke`
--
ALTER TABLE `phieukiemke`
  ADD PRIMARY KEY (`maphieu`),
  ADD KEY `FK_phieukiemke_taikhoan` (`nguoitaophieukiemke`);

--
-- Chỉ mục cho bảng `phieunhap`
--
ALTER TABLE `phieunhap`
  ADD PRIMARY KEY (`maphieunhap`),
  ADD KEY `FK_phieunhap_nhacungcap` (`manhacungcap`),
  ADD KEY `FK_phieunhap_taikhoan` (`nguoitao`);

--
-- Chỉ mục cho bảng `phieutra`
--
ALTER TABLE `phieutra`
  ADD PRIMARY KEY (`maphieutra`),
  ADD KEY `FK_phieutra_ctsanpham` (`maimei`),
  ADD KEY `FK_phieutra_taikhoan` (`nguoitao`);

--
-- Chỉ mục cho bảng `phieuxuat`
--
ALTER TABLE `phieuxuat`
  ADD PRIMARY KEY (`maphieuxuat`),
  ADD KEY `FK_phieuxuat_khachhang` (`makh`),
  ADD KEY `FK_phieuxuat_taikhoan` (`nguoitaophieuxuat`);

--
-- Chỉ mục cho bảng `sanpham`
--
ALTER TABLE `sanpham`
  ADD PRIMARY KEY (`masp`) USING BTREE;

--
-- Chỉ mục cho bảng `taikhoan`
--
ALTER TABLE `taikhoan`
  ADD PRIMARY KEY (`manv`),
  ADD UNIQUE KEY `tendangnhap` (`tendangnhap`),
  ADD KEY `FK_taikhoan_nhomquyen` (`manhomquyen`);

--
-- Chỉ mục cho bảng `thuonghieu`
--
ALTER TABLE `thuonghieu`
  ADD PRIMARY KEY (`mathuonghieu`) USING BTREE;

--
-- Chỉ mục cho bảng `xuatxu`
--
ALTER TABLE `xuatxu`
  ADD PRIMARY KEY (`maxuatxu`) USING BTREE;

--
-- AUTO_INCREMENT cho các bảng đã đổ
--

--
-- AUTO_INCREMENT cho bảng `dungluongram`
--
ALTER TABLE `dungluongram`
  MODIFY `madlram` int(11) NOT NULL AUTO_INCREMENT, AUTO_INCREMENT=8;

--
-- AUTO_INCREMENT cho bảng `dungluongrom`
--
ALTER TABLE `dungluongrom`
  MODIFY `madlrom` int(11) NOT NULL AUTO_INCREMENT, AUTO_INCREMENT=7;

--
-- AUTO_INCREMENT cho bảng `hedieuhanh`
--
ALTER TABLE `hedieuhanh`
  MODIFY `mahedieuhanh` int(11) NOT NULL AUTO_INCREMENT, AUTO_INCREMENT=4;

--
-- AUTO_INCREMENT cho bảng `khachhang`
--
ALTER TABLE `khachhang`
  MODIFY `makh` int(11) NOT NULL AUTO_INCREMENT, AUTO_INCREMENT=9;

--
-- AUTO_INCREMENT cho bảng `khuvuckho`
--
ALTER TABLE `khuvuckho`
  MODIFY `makhuvuc` int(11) NOT NULL AUTO_INCREMENT, AUTO_INCREMENT=6;

--
-- AUTO_INCREMENT cho bảng `mausac`
--
ALTER TABLE `mausac`
  MODIFY `mamau` int(11) NOT NULL AUTO_INCREMENT, AUTO_INCREMENT=14;

--
-- AUTO_INCREMENT cho bảng `nhacungcap`
--
ALTER TABLE `nhacungcap`
  MODIFY `manhacungcap` int(11) NOT NULL AUTO_INCREMENT, AUTO_INCREMENT=12;

--
-- AUTO_INCREMENT cho bảng `nhanvien`
--
ALTER TABLE `nhanvien`
  MODIFY `manv` int(11) NOT NULL AUTO_INCREMENT, AUTO_INCREMENT=11;

--
-- AUTO_INCREMENT cho bảng `nhomquyen`
--
ALTER TABLE `nhomquyen`
  MODIFY `manhomquyen` int(11) NOT NULL AUTO_INCREMENT, AUTO_INCREMENT=11;

--
-- AUTO_INCREMENT cho bảng `phienbansanpham`
--
ALTER TABLE `phienbansanpham`
  MODIFY `maphienbansp` int(11) NOT NULL AUTO_INCREMENT, AUTO_INCREMENT=127;

--
-- AUTO_INCREMENT cho bảng `phieubaohanh`
--
ALTER TABLE `phieubaohanh`
  MODIFY `maphieubaohanh` int(11) NOT NULL AUTO_INCREMENT;

--
-- AUTO_INCREMENT cho bảng `phieukiemke`
--
ALTER TABLE `phieukiemke`
  MODIFY `maphieu` int(11) NOT NULL AUTO_INCREMENT;

--
-- AUTO_INCREMENT cho bảng `phieunhap`
--
ALTER TABLE `phieunhap`
  MODIFY `maphieunhap` int(11) NOT NULL AUTO_INCREMENT, AUTO_INCREMENT=7;

--
-- AUTO_INCREMENT cho bảng `phieutra`
--
ALTER TABLE `phieutra`
  MODIFY `maphieutra` int(11) NOT NULL AUTO_INCREMENT;

--
-- AUTO_INCREMENT cho bảng `phieuxuat`
--
ALTER TABLE `phieuxuat`
  MODIFY `maphieuxuat` int(11) NOT NULL AUTO_INCREMENT, AUTO_INCREMENT=4;

--
-- AUTO_INCREMENT cho bảng `sanpham`
--
ALTER TABLE `sanpham`
  MODIFY `masp` int(11) NOT NULL AUTO_INCREMENT, AUTO_INCREMENT=17;

--
-- AUTO_INCREMENT cho bảng `thuonghieu`
--
ALTER TABLE `thuonghieu`
  MODIFY `mathuonghieu` int(11) NOT NULL AUTO_INCREMENT, AUTO_INCREMENT=15;

--
-- AUTO_INCREMENT cho bảng `xuatxu`
--
ALTER TABLE `xuatxu`
  MODIFY `maxuatxu` int(11) NOT NULL AUTO_INCREMENT, AUTO_INCREMENT=5;

--
-- Các ràng buộc cho các bảng đã đổ
--

--
-- Các ràng buộc cho bảng `ctkiemke`
--
ALTER TABLE `ctkiemke`
  ADD CONSTRAINT `FK_ctkiemke_phieukiemke` FOREIGN KEY (`maphieukiemmke`) REFERENCES `phieukiemke` (`maphieu`) ON DELETE NO ACTION ON UPDATE NO ACTION;

--
-- Các ràng buộc cho bảng `ctphieuxuat`
--
ALTER TABLE `ctphieuxuat`
  ADD CONSTRAINT `FK__phieuxuat` FOREIGN KEY (`maphieuxuat`) REFERENCES `phieuxuat` (`maphieuxuat`) ON DELETE NO ACTION ON UPDATE NO ACTION;

--
-- Các ràng buộc cho bảng `ctquyen`
--
ALTER TABLE `ctquyen`
  ADD CONSTRAINT `FK__nhomquyen` FOREIGN KEY (`manhomquyen`) REFERENCES `nhomquyen` (`manhomquyen`) ON DELETE NO ACTION ON UPDATE NO ACTION;

--
-- Các ràng buộc cho bảng `phienbansanpham`
--
ALTER TABLE `phienbansanpham`
  ADD CONSTRAINT `FK_phienbansanpham_sanpham` FOREIGN KEY (`masp`) REFERENCES `sanpham` (`masp`) ON DELETE NO ACTION ON UPDATE NO ACTION;

--
-- Các ràng buộc cho bảng `phieudoi`
--
ALTER TABLE `phieudoi`
  ADD CONSTRAINT `FK_phieudoi_ctsanpham` FOREIGN KEY (`maimei`) REFERENCES `ctsanpham` (`maimei`) ON DELETE NO ACTION ON UPDATE NO ACTION,
  ADD CONSTRAINT `FK_phieudoi_taikhoan` FOREIGN KEY (`nguoitao`) REFERENCES `taikhoan` (`manv`) ON DELETE NO ACTION ON UPDATE NO ACTION;

--
-- Các ràng buộc cho bảng `phieukiemke`
--
ALTER TABLE `phieukiemke`
  ADD CONSTRAINT `FK_phieukiemke_taikhoan` FOREIGN KEY (`nguoitaophieukiemke`) REFERENCES `taikhoan` (`manv`) ON DELETE NO ACTION ON UPDATE NO ACTION;

--
-- Các ràng buộc cho bảng `phieunhap`
--
ALTER TABLE `phieunhap`
  ADD CONSTRAINT `FK_phieunhap_nhacungcap` FOREIGN KEY (`manhacungcap`) REFERENCES `nhacungcap` (`manhacungcap`) ON DELETE NO ACTION ON UPDATE NO ACTION,
  ADD CONSTRAINT `FK_phieunhap_taikhoan` FOREIGN KEY (`nguoitao`) REFERENCES `taikhoan` (`manv`) ON DELETE NO ACTION ON UPDATE NO ACTION;

--
-- Các ràng buộc cho bảng `phieutra`
--
ALTER TABLE `phieutra`
  ADD CONSTRAINT `FK_phieutra_ctsanpham` FOREIGN KEY (`maimei`) REFERENCES `ctsanpham` (`maimei`) ON DELETE NO ACTION ON UPDATE NO ACTION,
  ADD CONSTRAINT `FK_phieutra_taikhoan` FOREIGN KEY (`nguoitao`) REFERENCES `taikhoan` (`manv`) ON DELETE NO ACTION ON UPDATE NO ACTION;

--
-- Các ràng buộc cho bảng `phieuxuat`
--
ALTER TABLE `phieuxuat`
  ADD CONSTRAINT `FK_phieuxuat_khachhang` FOREIGN KEY (`makh`) REFERENCES `khachhang` (`makh`) ON DELETE NO ACTION ON UPDATE NO ACTION,
  ADD CONSTRAINT `FK_phieuxuat_taikhoan` FOREIGN KEY (`nguoitaophieuxuat`) REFERENCES `taikhoan` (`manv`) ON DELETE NO ACTION ON UPDATE NO ACTION;

--
-- Các ràng buộc cho bảng `taikhoan`
--
ALTER TABLE `taikhoan`
  ADD CONSTRAINT `FK_taikhoan_nhanvien` FOREIGN KEY (`manv`) REFERENCES `nhanvien` (`manv`) ON DELETE NO ACTION ON UPDATE NO ACTION,
  ADD CONSTRAINT `FK_taikhoan_nhomquyen` FOREIGN KEY (`manhomquyen`) REFERENCES `nhomquyen` (`manhomquyen`) ON DELETE NO ACTION ON UPDATE NO ACTION;
COMMIT;

/*!40101 SET CHARACTER_SET_CLIENT=@OLD_CHARACTER_SET_CLIENT */;
/*!40101 SET CHARACTER_SET_RESULTS=@OLD_CHARACTER_SET_RESULTS */;
/*!40101 SET COLLATION_CONNECTION=@OLD_COLLATION_CONNECTION */;
